ride_date,num_rides,temp_f,max_temp_f,min_temp_f,wind_speed_knots,precip_in,day_of_week,month,dow_Monday,dow_Saturday,dow_Sunday,dow_Thursday,dow_Tuesday,dow_Wednesday,year,days_since_launch,temp_sq,is_weekend,rained
2013-07-01,16650,74.8,78.1,73.4,7.8,0.0,Monday,7,True,False,False,False,False,False,2013,0,5595.04,0,0
2013-07-02,22745,76.1,82.9,73.0,8.0,0.73,Tuesday,7,False,False,False,False,True,False,2013,1,5791.209999999999,0,1
2013-07-03,21864,78.5,84.9,73.9,8.8,0.06,Wednesday,7,False,False,False,False,False,True,2013,2,6162.25,0,1
2013-07-04,22326,82.0,91.0,73.9,8.6,0.96,Thursday,7,False,False,False,True,False,False,2013,3,6724.0,0,1
2013-07-05,21842,84.4,93.0,75.9,9.0,0.0,Friday,7,False,False,False,False,False,False,2013,4,7123.360000000001,0,0
2013-07-06,20467,87.0,95.0,77.0,9.3,0.0,Saturday,7,False,True,False,False,False,False,2013,5,7569.0,1,0
2013-07-07,20477,88.8,98.1,79.0,8.8,0.0,Sunday,7,False,False,True,False,False,False,2013,6,7885.44,1,0
2013-07-08,21615,83.7,98.1,75.0,8.9,0.0,Monday,7,True,False,False,False,False,False,2013,7,7005.6900000000005,0,0
2013-07-09,26641,82.6,91.0,75.0,6.0,0.0,Tuesday,7,False,False,False,False,True,False,2013,8,6822.759999999999,0,0
2013-07-10,25732,82.0,91.0,75.0,8.7,0.08,Wednesday,7,False,False,False,False,False,True,2013,9,6724.0,0,1
2013-07-11,24417,82.3,91.0,75.0,7.6,0.02,Thursday,7,False,False,False,True,False,False,2013,10,6773.29,0,1
2013-07-12,19006,75.4,86.0,72.0,9.1,0.0,Friday,7,False,False,False,False,False,False,2013,11,5685.160000000001,0,0
2013-07-13,26119,71.4,78.1,68.0,10.5,0.23,Saturday,7,False,True,False,False,False,False,2013,12,5097.960000000001,1,1
2013-07-14,29287,80.2,93.9,69.1,6.0,0.01,Sunday,7,False,False,True,False,False,False,2013,13,6432.040000000001,1,1
2013-07-15,28069,87.2,93.9,72.0,7.8,0.0,Monday,7,True,False,False,False,False,False,2013,14,7603.84,0,0
2013-07-16,29842,86.5,93.9,79.0,7.9,0.0,Tuesday,7,False,False,False,False,True,False,2013,15,7482.25,0,0
2013-07-17,30550,87.4,97.0,78.1,4.0,0.0,Wednesday,7,False,False,False,False,False,True,2013,16,7638.760000000001,0,0
2013-07-18,28869,89.3,100.0,78.1,6.3,0.0,Thursday,7,False,False,False,True,False,False,2013,17,7974.49,0,0
2013-07-19,26591,92.5,100.0,82.9,8.9,0.0,Friday,7,False,False,False,False,False,False,2013,18,8556.25,0,0
2013-07-20,25278,89.2,100.0,82.9,11.3,0.0,Saturday,7,False,True,False,False,False,False,2013,19,7956.64,1,0
2013-07-21,30297,82.2,95.0,77.0,7.6,0.0,Sunday,7,False,False,True,False,False,False,2013,20,6756.84,1,0
2013-07-22,25979,77.1,87.1,75.0,8.3,0.0,Monday,7,True,False,False,False,False,False,2013,21,5944.409999999999,0,0
2013-07-23,32376,80.0,91.0,75.0,7.4,0.58,Tuesday,7,False,False,False,False,True,False,2013,22,6400.0,0,1
2013-07-24,35271,79.9,91.0,75.0,7.8,0.31,Wednesday,7,False,False,False,False,False,True,2013,23,6384.010000000001,0,1
2013-07-25,31084,68.0,82.9,64.0,11.7,0.0,Thursday,7,False,False,False,True,False,False,2013,24,4624.0,0,0
2013-07-26,34534,71.5,84.0,64.0,8.6,0.02,Friday,7,False,False,False,False,False,False,2013,25,5112.25,0,1
2013-07-27,32470,76.9,84.0,64.9,8.5,0.0,Saturday,7,False,True,False,False,False,False,2013,26,5913.610000000001,1,0
2013-07-28,23508,74.8,84.0,71.1,7.6,0.0,Sunday,7,False,False,True,False,False,False,2013,27,5595.04,1,0
2013-07-29,34915,77.3,89.1,71.1,5.7,0.13,Monday,7,True,False,False,False,False,False,2013,28,5975.29,0,1
2013-07-30,37334,75.9,89.1,70.0,8.7,0.0,Tuesday,7,False,False,False,False,True,False,2013,29,5760.810000000001,0,0
2013-07-31,37261,76.1,82.0,70.0,6.2,0.0,Wednesday,7,False,False,False,False,False,True,2013,30,5791.209999999999,0,0
2013-08-01,20138,73.5,82.0,69.1,7.6,0.0,Thursday,8,False,False,False,True,False,False,2013,31,5402.25,0,0
2013-08-02,35792,75.5,86.0,69.1,7.3,0.5,Friday,8,False,False,False,False,False,False,2013,32,5700.25,0,1
2013-08-03,29540,76.4,86.0,70.0,8.1,0.0,Saturday,8,False,True,False,False,False,False,2013,33,5836.960000000001,1,0
2013-08-04,35253,74.6,81.0,70.0,8.7,0.01,Sunday,8,False,False,True,False,False,False,2013,34,5565.159999999999,1,1
2013-08-05,36776,71.5,81.0,64.0,9.4,0.0,Monday,8,True,False,False,False,False,False,2013,35,5112.25,0,0
2013-08-06,37702,73.9,82.0,64.0,6.3,0.0,Tuesday,8,False,False,False,False,True,False,2013,36,5461.210000000001,0,0
2013-08-07,34396,74.4,82.0,66.9,9.5,0.0,Wednesday,8,False,False,False,False,False,True,2013,37,5535.360000000001,0,0
2013-08-08,28366,75.0,82.0,71.1,9.1,0.16,Thursday,8,False,False,False,True,False,False,2013,38,5625.0,0,1
2013-08-09,29017,78.2,89.1,71.1,9.2,0.08,Friday,8,False,False,False,False,False,False,2013,39,6115.240000000001,0,1
2013-08-10,37201,78.3,89.1,72.0,8.9,0.04,Saturday,8,False,True,False,False,False,False,2013,40,6130.889999999999,1,1
2013-08-11,33060,74.8,84.0,66.9,5.7,0.0,Sunday,8,False,False,True,False,False,False,2013,41,5595.04,1,0
2013-08-12,31457,74.8,82.0,66.9,5.5,0.09,Monday,8,True,False,False,False,False,False,2013,42,5595.04,0,1
2013-08-13,22437,74.0,82.0,70.0,5.3,0.01,Tuesday,8,False,False,False,False,True,False,2013,43,5476.0,0,1
2013-08-14,38150,69.5,78.1,62.1,12.4,0.73,Wednesday,8,False,False,False,False,False,True,2013,44,4830.25,0,1
2013-08-15,37386,69.8,78.1,62.1,8.2,0.0,Thursday,8,False,False,False,True,False,False,2013,45,4872.04,0,0
2013-08-16,35991,72.6,81.0,63.0,3.7,0.0,Friday,8,False,False,False,False,False,False,2013,46,5270.759999999999,0,0
2013-08-17,37285,73.6,81.0,66.9,5.2,0.0,Saturday,8,False,True,False,False,False,False,2013,47,5416.959999999999,1,0
2013-08-18,27612,72.5,81.0,68.0,5.2,0.0,Sunday,8,False,False,True,False,False,False,2013,48,5256.25,1,0
2013-08-19,33127,73.5,80.1,68.0,5.5,0.0,Monday,8,True,False,False,False,False,False,2013,49,5402.25,0,0
2013-08-20,35843,77.5,89.1,68.0,4.5,0.0,Tuesday,8,False,False,False,False,True,False,2013,50,6006.25,0,0
2013-08-21,36315,81.1,90.0,70.0,4.5,0.0,Wednesday,8,False,False,False,False,False,True,2013,51,6577.209999999999,0,0
2013-08-22,26629,77.5,90.0,73.0,5.8,0.0,Thursday,8,False,False,False,True,False,False,2013,52,6006.25,0,0
2013-08-23,33503,76.2,81.0,72.0,9.0,0.24,Friday,8,False,False,False,False,False,False,2013,53,5806.4400000000005,0,1
2013-08-24,32941,71.5,81.0,64.0,8.9,0.0,Saturday,8,False,True,False,False,False,False,2013,54,5112.25,1,0
2013-08-25,31755,73.8,82.9,64.0,4.8,0.0,Sunday,8,False,False,True,False,False,False,2013,55,5446.44,1,0
2013-08-26,29979,75.3,84.0,66.9,9.1,0.0,Monday,8,True,False,False,False,False,False,2013,56,5670.089999999999,0,0
2013-08-27,34208,78.3,86.0,70.0,10.6,0.01,Tuesday,8,False,False,False,False,True,False,2013,57,6130.889999999999,0,1
2013-08-28,28185,78.0,86.0,73.0,3.2,0.1,Wednesday,8,False,False,False,False,False,True,2013,58,6084.0,0,1
2013-08-29,34215,74.6,84.9,71.1,7.3,0.0,Thursday,8,False,False,False,True,False,False,2013,59,5565.159999999999,0,0
2013-08-30,32318,75.4,86.0,69.1,7.4,0.0,Friday,8,False,False,False,False,False,False,2013,60,5685.160000000001,0,0
2013-08-31,25381,78.5,86.0,69.1,8.8,0.0,Saturday,8,False,True,False,False,False,False,2013,61,6162.25,1,0
2013-09-01,25235,79.6,86.0,73.0,8.0,0.0,Sunday,9,False,False,True,False,False,False,2013,62,6336.159999999999,1,0
2013-09-02,21416,76.9,80.6,71.6,4.8,0.0,Monday,9,True,False,False,False,False,False,2013,63,5913.610000000001,0,0
2013-09-03,32411,76.2,82.0,72.0,6.7,0.99,Tuesday,9,False,False,False,False,True,False,2013,64,5806.4400000000005,0,1
2013-09-04,36798,73.3,82.0,66.0,10.4,0.09,Wednesday,9,False,False,False,False,False,True,2013,65,5372.889999999999,0,1
2013-09-05,35825,74.3,82.0,66.0,9.3,0.0,Thursday,9,False,False,False,True,False,False,2013,66,5520.49,0,0
2013-09-06,35868,64.8,77.0,57.0,7.5,0.0,Friday,9,False,False,False,False,False,False,2013,67,4199.04,0,0
2013-09-07,34419,68.3,79.0,57.0,6.5,0.0,Saturday,9,False,True,False,False,False,False,2013,68,4664.889999999999,1,0
2013-09-08,33196,73.9,80.1,61.0,8.7,0.0,Sunday,9,False,False,True,False,False,False,2013,69,5461.210000000001,1,0
2013-09-09,35394,65.9,80.1,57.9,7.7,0.0,Monday,9,True,False,False,False,False,False,2013,70,4342.81,0,0
2013-09-10,36954,74.8,88.0,57.9,8.8,0.0,Tuesday,9,False,False,False,False,True,False,2013,71,5595.04,0,0
2013-09-11,35812,83.6,93.9,69.1,7.5,0.0,Wednesday,9,False,False,False,False,False,True,2013,72,6988.959999999999,0,0
2013-09-12,31252,80.6,88.0,71.1,8.4,0.0,Thursday,9,False,False,False,True,False,False,2013,73,6496.359999999999,0,0
2013-09-13,36501,71.3,86.0,68.0,9.4,1.3,Friday,9,False,False,False,False,False,False,2013,74,5083.69,0,1
2013-09-14,31607,61.6,77.0,55.9,10.8,0.03,Saturday,9,False,True,False,False,False,False,2013,75,3794.5600000000004,1,1
2013-09-15,31914,61.5,73.0,54.0,6.9,0.0,Sunday,9,False,False,True,False,False,False,2013,76,3782.25,1,0
2013-09-16,31287,65.8,73.0,54.0,6.9,0.0,Monday,9,True,False,False,False,False,False,2013,77,4329.639999999999,0,0
2013-09-17,38283,58.2,72.0,48.9,10.1,0.02,Tuesday,9,False,False,False,False,True,False,2013,78,3387.2400000000002,0,1
2013-09-18,37957,61.8,71.1,48.9,5.0,0.0,Wednesday,9,False,False,False,False,False,True,2013,79,3819.24,0,0
2013-09-19,39200,65.0,77.0,55.0,5.4,0.0,Thursday,9,False,False,False,True,False,False,2013,80,4225.0,0,0
2013-09-20,39382,68.1,78.1,57.0,5.8,0.0,Friday,9,False,False,False,False,False,False,2013,81,4637.61,0,0
2013-09-21,31826,67.4,78.1,61.0,9.4,0.0,Saturday,9,False,True,False,False,False,False,2013,82,4542.760000000001,1,0
2013-09-22,29758,66.3,75.9,61.0,12.9,0.98,Sunday,9,False,False,True,False,False,False,2013,83,4395.69,1,1
2013-09-23,35152,58.5,68.0,52.0,10.6,0.53,Monday,9,True,False,False,False,False,False,2013,84,3422.25,0,1
2013-09-24,38417,59.1,73.0,50.0,8.0,0.0,Tuesday,9,False,False,False,False,True,False,2013,85,3492.81,0,0
2013-09-25,38223,64.1,73.0,50.0,5.4,0.0,Wednesday,9,False,False,False,False,False,True,2013,86,4108.8099999999995,0,0
2013-09-26,38189,63.9,72.0,55.0,6.2,0.0,Thursday,9,False,False,False,True,False,False,2013,87,4083.21,0,0
2013-09-27,37412,61.5,69.1,57.0,6.4,0.0,Friday,9,False,False,False,False,False,False,2013,88,3782.25,0,0
2013-09-28,34931,64.4,73.0,57.0,7.3,0.0,Saturday,9,False,True,False,False,False,False,2013,89,4147.360000000001,1,0
2013-09-29,32592,64.6,73.0,57.9,4.9,0.0,Sunday,9,False,False,True,False,False,False,2013,90,4173.159999999999,1,0
2013-09-30,37148,63.9,73.0,57.9,4.1,0.0,Monday,9,True,False,False,False,False,False,2013,91,4083.21,0,0
2013-10-01,40575,68.9,81.0,57.9,5.5,0.0,Tuesday,10,False,False,False,False,True,False,2013,92,4747.210000000001,0,0
2013-10-02,41383,73.9,84.0,62.1,6.0,0.0,Wednesday,10,False,False,False,False,False,True,2013,93,5461.210000000001,0,0
2013-10-03,40456,72.6,84.0,64.9,4.3,0.0,Thursday,10,False,False,False,True,False,False,2013,94,5270.759999999999,0,0
2013-10-04,40195,74.0,86.0,64.9,4.9,0.0,Friday,10,False,False,False,False,False,False,2013,95,5476.0,0,0
2013-10-05,34181,68.3,86.0,64.0,6.7,0.03,Saturday,10,False,True,False,False,False,False,2013,96,4664.889999999999,1,1
2013-10-06,26574,66.5,73.0,64.0,7.6,0.01,Sunday,10,False,False,True,False,False,False,2013,97,4422.25,1,1
2013-10-07,25016,70.7,77.0,64.0,11.8,0.33,Monday,10,True,False,False,False,False,False,2013,98,4998.490000000001,0,1
2013-10-08,38365,61.6,77.0,55.9,10.2,0.0,Tuesday,10,False,False,False,False,True,False,2013,99,3794.5600000000004,0,0
2013-10-09,36969,59.7,66.0,54.0,12.3,0.0,Wednesday,10,False,False,False,False,False,True,2013,100,3564.09,0,0
2013-10-10,31171,59.1,66.0,54.0,13.2,0.0,Thursday,10,False,False,False,True,False,False,2013,101,3492.81,0,0
2013-10-11,33357,63.7,69.1,54.0,16.4,0.0,Friday,10,False,False,False,False,False,False,2013,102,4057.6900000000005,0,0
2013-10-12,32457,65.7,72.0,60.1,15.5,0.0,Saturday,10,False,True,False,False,False,False,2013,103,4316.490000000001,1,0
2013-10-13,28832,60.9,72.0,57.0,15.0,0.0,Sunday,10,False,False,True,False,False,False,2013,104,3708.81,1,0
2013-10-14,33018,58.0,64.9,53.1,6.6,0.0,Monday,10,True,False,False,False,False,False,2013,105,3364.0,0,0
2013-10-15,37534,60.4,70.0,53.1,4.7,0.0,Tuesday,10,False,False,False,False,True,False,2013,106,3648.16,0,0
2013-10-16,36911,60.1,70.0,55.9,5.6,0.0,Wednesday,10,False,False,False,False,False,True,2013,107,3612.01,0,0
2013-10-17,36888,64.7,73.0,57.0,6.7,0.0,Thursday,10,False,False,False,True,False,False,2013,108,4186.09,0,0
2013-10-18,38122,64.2,73.0,57.9,11.5,0.01,Friday,10,False,False,False,False,False,False,2013,109,4121.64,0,1
2013-10-19,29548,59.4,69.1,54.0,5.9,0.0,Saturday,10,False,True,False,False,False,False,2013,110,3528.3599999999997,1,0
2013-10-20,29256,58.4,64.0,51.1,10.4,0.0,Sunday,10,False,False,True,False,False,False,2013,111,3410.56,1,0
2013-10-21,35012,59.3,66.9,51.1,7.3,0.0,Monday,10,True,False,False,False,False,False,2013,112,3516.49,0,0
2013-10-22,36338,59.6,68.0,52.0,7.6,0.0,Tuesday,10,False,False,False,False,True,False,2013,113,3552.1600000000003,0,0
2013-10-23,32365,52.8,68.0,50.0,7.8,0.0,Wednesday,10,False,False,False,False,False,True,2013,114,2787.8399999999997,0,0
2013-10-24,32251,48.4,55.0,43.0,11.8,0.0,Thursday,10,False,False,False,True,False,False,2013,115,2342.56,0,0
2013-10-25,30979,47.4,55.0,42.1,13.0,0.0,Friday,10,False,False,False,False,False,False,2013,116,2246.7599999999998,0,0
2013-10-26,24569,49.5,55.9,42.1,10.1,0.0,Saturday,10,False,True,False,False,False,False,2013,117,2450.25,1,0
2013-10-27,23965,53.0,59.0,43.0,10.3,0.0,Sunday,10,False,False,True,False,False,False,2013,118,2809.0,1,0
2013-10-28,31498,53.0,61.0,44.1,7.7,0.0,Monday,10,True,False,False,False,False,False,2013,119,2809.0,0,0
2013-10-29,33414,50.5,61.0,44.1,8.0,0.0,Tuesday,10,False,False,False,False,True,False,2013,120,2550.25,0,0
2013-10-30,35069,52.9,60.1,44.1,4.5,0.0,Wednesday,10,False,False,False,False,False,True,2013,121,2798.41,0,0
2013-10-31,31444,59.3,66.9,48.0,6.2,0.0,Thursday,10,False,False,False,True,False,False,2013,122,3516.49,0,0
2013-11-01,30384,65.9,70.0,53.1,12.1,0.05,Friday,11,False,False,False,False,False,False,2013,123,4342.81,0,1
2013-11-02,31013,61.5,70.0,55.0,5.7,0.05,Saturday,11,False,True,False,False,False,False,2013,124,3782.25,1,1
2013-11-03,20798,50.9,68.0,42.1,11.2,0.01,Sunday,11,False,False,True,False,False,False,2013,125,2590.81,1,1
2013-11-04,27142,39.5,55.9,34.0,10.3,0.0,Monday,11,True,False,False,False,False,False,2013,126,1560.25,0,0
2013-11-05,31493,46.8,55.0,34.0,6.7,0.0,Tuesday,11,False,False,False,False,True,False,2013,127,2190.24,0,0
2013-11-06,34826,53.2,61.0,42.1,5.9,0.0,Wednesday,11,False,False,False,False,False,True,2013,128,2830.2400000000002,0,0
2013-11-07,25719,58.3,63.0,46.9,9.2,0.0,Thursday,11,False,False,False,True,False,False,2013,129,3398.89,0,0
2013-11-08,28686,46.0,63.0,41.0,14.2,0.08,Friday,11,False,False,False,False,False,False,2013,130,2116.0,0,1
2013-11-09,21734,44.3,50.0,39.9,10.3,0.0,Saturday,11,False,True,False,False,False,False,2013,131,1962.4899999999998,1,0
2013-11-10,19712,50.1,60.1,39.9,11.0,0.0,Sunday,11,False,False,True,False,False,False,2013,132,2510.01,1,0
2013-11-11,27295,48.6,60.1,44.1,13.6,0.0,Monday,11,True,False,False,False,False,False,2013,133,2361.96,0,0
2013-11-12,19925,43.9,53.1,34.0,13.4,0.02,Tuesday,11,False,False,False,False,True,False,2013,134,1927.2099999999998,0,1
2013-11-13,23633,34.0,52.0,30.0,13.4,0.01,Wednesday,11,False,False,False,False,False,True,2013,135,1156.0,0,1
2013-11-14,27040,41.0,53.1,30.0,11.6,0.0,Thursday,11,False,False,False,True,False,False,2013,136,1681.0,0,0
2013-11-15,29051,49.1,57.0,34.0,6.2,0.0,Friday,11,False,False,False,False,False,False,2013,137,2410.81,0,0
2013-11-16,25194,51.9,59.0,43.0,5.5,0.03,Saturday,11,False,True,False,False,False,False,2013,138,2693.6099999999997,1,1
2013-11-17,17995,52.6,60.8,48.2,4.5,0.02,Sunday,11,False,False,True,False,False,False,2013,139,2766.76,1,1
2013-11-18,30615,60.3,64.9,48.9,11.4,0.25,Monday,11,True,False,False,False,False,False,2013,140,3636.0899999999997,0,1
2013-11-19,27417,48.3,64.9,41.0,16.8,0.23,Tuesday,11,False,False,False,False,True,False,2013,141,2332.89,0,1
2013-11-20,26229,38.0,51.1,32.0,9.0,0.0,Wednesday,11,False,False,False,False,False,True,2013,142,1444.0,0,0
2013-11-21,28752,41.6,52.0,32.0,6.4,0.0,Thursday,11,False,False,False,True,False,False,2013,143,1730.5600000000002,0,0
2013-11-22,25448,52.4,57.0,36.0,6.4,0.0,Friday,11,False,False,False,False,False,False,2013,144,2745.7599999999998,0,0
2013-11-23,18996,47.4,57.0,39.9,12.8,0.07,Saturday,11,False,True,False,False,False,False,2013,145,2246.7599999999998,1,1
2013-11-24,9392,29.4,55.0,24.1,22.2,0.02,Sunday,11,False,False,True,False,False,False,2013,146,864.3599999999999,1,1
2013-11-25,19116,27.9,35.1,24.1,11.9,0.0,Monday,11,True,False,False,False,False,False,2013,147,778.41,0,0
2013-11-26,14999,36.0,39.9,24.1,7.0,0.0,Tuesday,11,False,False,False,False,True,False,2013,148,1296.0,0,0
2013-11-27,7976,48.0,60.1,34.0,13.7,1.91,Wednesday,11,False,False,False,False,False,True,2013,149,2304.0,0,1
2013-11-28,5204,34.1,39.2,30.9,17.9,0.3,Thursday,11,False,False,False,True,False,False,2013,150,1162.8100000000002,0,1
2013-11-29,10127,34.1,39.0,30.9,7.2,0.0,Friday,11,False,False,False,False,False,False,2013,151,1162.8100000000002,0,0
2013-11-30,9863,31.3,39.0,25.0,7.2,0.0,Saturday,11,False,True,False,False,False,False,2013,152,979.69,1,0
2013-12-01,13326,41.1,48.9,25.0,3.2,0.0,Sunday,12,False,False,True,False,False,False,2013,153,1689.21,1,0
2013-12-02,24576,44.2,48.9,37.0,4.5,0.0,Monday,12,True,False,False,False,False,False,2013,154,1953.6400000000003,0,0
2013-12-03,27431,44.0,53.1,37.9,4.0,0.0,Tuesday,12,False,False,False,False,True,False,2013,155,1936.0,0,0
2013-12-04,28199,43.8,53.1,37.9,4.3,0.0,Wednesday,12,False,False,False,False,False,True,2013,156,1918.4399999999998,0,0
2013-12-05,26988,48.6,57.9,39.0,5.3,0.01,Thursday,12,False,False,False,True,False,False,2013,157,2361.96,0,1
2013-12-06,10736,50.5,57.9,42.8,7.1,0.05,Friday,12,False,False,False,False,False,False,2013,158,2550.25,0,1
2013-12-07,15545,38.2,43.0,35.6,10.7,0.81,Saturday,12,False,True,False,False,False,False,2013,159,1459.2400000000002,1,1
2013-12-08,10090,32.1,37.9,28.4,8.7,0.13,Sunday,12,False,False,True,False,False,False,2013,160,1030.41,1,1
2013-12-09,14824,34.5,39.2,28.9,10.9,0.19,Monday,12,True,False,False,False,False,False,2013,161,1190.25,0,1
2013-12-10,12850,36.0,39.0,32.0,8.5,0.07,Tuesday,12,False,False,False,False,True,False,2013,162,1296.0,0,1
2013-12-11,18766,30.7,39.0,27.0,13.2,0.22,Wednesday,12,False,False,False,False,False,True,2013,163,942.49,0,1
2013-12-12,17214,27.6,34.0,23.0,12.5,0.0,Thursday,12,False,False,False,True,False,False,2013,164,761.7600000000001,0,0
2013-12-13,17888,28.2,35.1,23.0,13.0,0.0,Friday,12,False,False,False,False,False,False,2013,165,795.24,0,0
2013-12-14,3701,28.6,35.1,24.1,12.0,0.0,Saturday,12,False,True,False,False,False,False,2013,166,817.96,1,0
2013-12-15,7462,33.7,39.0,24.1,14.2,1.21,Sunday,12,False,False,True,False,False,False,2013,167,1135.6900000000003,1,1
2013-12-16,15562,31.0,39.0,26.1,12.0,0.77,Monday,12,True,False,False,False,False,False,2013,168,961.0,0,1
2013-12-17,7863,27.2,34.0,24.1,7.3,0.0,Tuesday,12,False,False,False,False,True,False,2013,169,739.8399999999999,0,0
2013-12-18,14924,28.6,37.0,24.1,9.4,0.16,Wednesday,12,False,False,False,False,False,True,2013,170,817.96,0,1
2013-12-19,18766,36.6,45.0,24.1,9.6,0.0,Thursday,12,False,False,False,True,False,False,2013,171,1339.5600000000002,0,0
2013-12-20,22066,45.2,52.0,30.9,5.4,0.0,Friday,12,False,False,False,False,False,False,2013,172,2043.0400000000002,0,0
2013-12-21,17940,53.6,60.1,37.9,6.6,0.0,Saturday,12,False,True,False,False,False,False,2013,173,2872.96,1,0
2013-12-22,15063,58.4,69.1,50.0,9.0,0.01,Sunday,12,False,False,True,False,False,False,2013,174,3410.56,1,1
2013-12-23,6956,58.5,69.1,50.0,6.2,0.09,Monday,12,True,False,False,False,False,False,2013,175,3422.25,0,1
2013-12-24,11025,39.2,62.1,34.0,10.7,0.44,Tuesday,12,False,False,False,False,True,False,2013,176,1536.6400000000003,0,1
2013-12-25,3260,25.6,42.1,19.0,10.3,0.0,Wednesday,12,False,False,False,False,False,True,2013,177,655.3600000000001,0,0
2013-12-26,9763,31.7,36.0,19.0,6.2,0.0,Thursday,12,False,False,False,True,False,False,2013,178,1004.89,0,0
2013-12-27,11720,35.6,39.9,30.0,10.3,0.0,Friday,12,False,False,False,False,False,False,2013,179,1267.3600000000001,0,0
2013-12-28,12022,42.4,55.0,32.0,9.3,0.0,Saturday,12,False,True,False,False,False,False,2013,180,1797.76,1,0
2013-12-29,3775,45.2,55.0,36.0,7.1,0.0,Sunday,12,False,False,True,False,False,False,2013,181,2043.0400000000002,1,0
2013-12-30,13241,40.5,48.0,28.9,11.3,1.2,Monday,12,True,False,False,False,False,False,2013,182,1640.25,0,1
2013-12-31,10424,26.0,44.1,21.0,9.9,0.0,Tuesday,12,False,False,False,False,True,False,2013,183,676.0,0,0
2014-01-01,6059,28.9,33.1,21.0,9.4,0.0,Wednesday,1,False,False,False,False,False,True,2014,184,835.2099999999999,0,0
2014-01-02,8600,28.9,33.1,25.0,14.2,0.01,Thursday,1,False,False,False,True,False,False,2014,185,835.2099999999999,0,1
2014-01-03,1144,16.6,32.0,10.9,16.7,0.3,Friday,1,False,False,False,False,False,False,2014,186,275.56000000000006,0,1
2014-01-04,2292,15.8,27.0,9.0,6.8,0.25,Saturday,1,False,True,False,False,False,False,2014,187,249.64000000000001,1,1
2014-01-05,2678,29.1,35.6,26.1,4.8,0.0,Sunday,1,False,False,True,False,False,False,2014,188,846.8100000000001,1,0
2014-01-06,9510,44.7,53.1,25.0,11.2,0.17,Monday,1,True,False,False,False,False,False,2014,189,1998.0900000000001,0,1
2014-01-07,6267,14.0,36.0,3.9,19.6,0.24,Tuesday,1,False,False,False,False,True,False,2014,190,196.0,0,1
2014-01-08,9246,12.9,21.9,3.9,11.4,0.0,Wednesday,1,False,False,False,False,False,True,2014,191,166.41,0,0
2014-01-09,13354,25.7,33.1,9.0,7.0,0.0,Thursday,1,False,False,False,True,False,False,2014,192,660.49,0,0
2014-01-10,9847,30.2,34.0,23.0,4.8,0.0,Friday,1,False,False,False,False,False,False,2014,193,912.04,0,0
2014-01-11,7695,43.7,55.0,27.0,9.2,0.22,Saturday,1,False,True,False,False,False,False,2014,194,1909.6900000000003,1,1
2014-01-12,12515,47.6,55.9,34.0,13.6,0.45,Sunday,1,False,False,True,False,False,False,2014,195,2265.76,1,1
2014-01-13,20633,41.8,54.0,35.1,8.9,0.02,Monday,1,True,False,False,False,False,False,2014,196,1747.2399999999998,0,1
2014-01-14,9999,45.8,50.0,35.1,6.6,0.02,Tuesday,1,False,False,False,False,True,False,2014,197,2097.64,0,1
2014-01-15,21630,42.4,50.0,36.0,5.5,0.36,Wednesday,1,False,False,False,False,False,True,2014,198,1797.76,0,1
2014-01-16,19953,39.1,41.0,37.0,5.9,0.0,Thursday,1,False,False,False,True,False,False,2014,199,1528.8100000000002,0,0
2014-01-17,20301,38.3,46.0,33.1,5.5,0.0,Friday,1,False,False,False,False,False,False,2014,200,1466.8899999999999,0,0
2014-01-18,9438,37.5,46.0,32.0,7.7,0.0,Saturday,1,False,True,False,False,False,False,2014,201,1406.25,1,0
2014-01-19,9028,29.8,39.0,25.0,12.1,0.15,Sunday,1,False,False,True,False,False,False,2014,202,888.0400000000001,1,1
2014-01-20,13407,39.6,46.0,25.0,11.1,0.0,Monday,1,True,False,False,False,False,False,2014,203,1568.16,0,0
2014-01-21,3804,25.7,46.0,14.0,12.5,0.0,Tuesday,1,False,False,False,False,True,False,2014,204,660.49,0,0
2014-01-22,2451,12.6,32.0,7.0,16.6,0.25,Wednesday,1,False,False,False,False,False,True,2014,205,158.76,0,1
2014-01-23,5071,13.5,21.0,7.0,11.9,0.0,Thursday,1,False,False,False,True,False,False,2014,206,182.25,0,0
2014-01-24,6176,15.7,21.0,8.1,12.8,0.0,Friday,1,False,False,False,False,False,False,2014,207,246.48999999999998,0,0
2014-01-25,4338,22.0,27.0,10.9,12.6,0.0,Saturday,1,False,True,False,False,False,False,2014,208,484.0,1,0
2014-01-26,4980,21.9,27.0,18.0,12.7,0.02,Sunday,1,False,False,True,False,False,False,2014,209,479.60999999999996,1,1
2014-01-27,13119,33.7,44.1,18.0,9.4,0.0,Monday,1,True,False,False,False,False,False,2014,210,1135.6900000000003,0,0
2014-01-28,10033,18.5,28.0,12.9,11.8,0.0,Tuesday,1,False,False,False,False,True,False,2014,211,342.25,0,0
2014-01-29,10021,18.2,23.0,12.9,8.1,0.05,Wednesday,1,False,False,False,False,False,True,2014,212,331.23999999999995,0,1
2014-01-30,12158,21.6,28.9,14.0,7.5,0.0,Thursday,1,False,False,False,True,False,False,2014,213,466.56000000000006,0,0
2014-01-31,14653,30.5,39.0,18.0,7.3,0.0,Friday,1,False,False,False,False,False,False,2014,214,930.25,0,0
2014-02-01,12771,38.2,44.1,26.1,3.2,0.0,Saturday,2,False,True,False,False,False,False,2014,215,1459.2400000000002,1,0
2014-02-02,13816,40.3,55.0,30.0,3.3,0.0,Sunday,2,False,False,True,False,False,False,2014,216,1624.0899999999997,1,0
2014-02-03,2600,35.6,55.0,30.0,8.2,0.27,Monday,2,True,False,False,False,False,False,2014,217,1267.3600000000001,0,1
2014-02-04,8709,29.6,42.1,25.0,6.2,0.81,Tuesday,2,False,False,False,False,True,False,2014,218,876.1600000000001,0,1
2014-02-05,2746,31.5,36.0,25.0,9.0,0.74,Wednesday,2,False,False,False,False,False,True,2014,219,992.25,0,1
2014-02-06,7196,28.4,34.0,21.9,8.6,0.44,Thursday,2,False,False,False,True,False,False,2014,220,806.56,0,1
2014-02-07,8495,28.5,33.1,21.9,8.9,0.0,Friday,2,False,False,False,False,False,False,2014,221,812.25,0,0
2014-02-08,5986,26.8,33.1,21.9,8.0,0.0,Saturday,2,False,True,False,False,False,False,2014,222,718.24,1,0
2014-02-09,4996,26.1,28.9,21.0,6.5,0.0,Sunday,2,False,False,True,False,False,False,2014,223,681.21,1,0
2014-02-10,6846,25.9,28.9,21.0,12.4,0.1,Monday,2,True,False,False,False,False,False,2014,224,670.81,0,1
2014-02-11,8343,22.6,28.9,18.0,11.3,0.0,Tuesday,2,False,False,False,False,True,False,2014,225,510.76000000000005,0,0
2014-02-12,8580,19.0,26.1,14.0,9.2,0.0,Wednesday,2,False,False,False,False,False,True,2014,226,361.0,0,0
2014-02-13,876,28.7,36.0,14.0,15.8,0.18,Thursday,2,False,False,False,True,False,False,2014,227,823.6899999999999,0,1
2014-02-14,3609,35.4,39.9,24.1,16.4,1.75,Friday,2,False,False,False,False,False,False,2014,228,1253.1599999999999,0,1
2014-02-15,2261,34.5,39.0,30.2,9.7,0.25,Saturday,2,False,True,False,False,False,False,2014,229,1190.25,1,1
2014-02-16,3003,27.2,37.0,21.9,14.0,0.05,Sunday,2,False,False,True,False,False,False,2014,230,739.8399999999999,1,1
2014-02-17,4854,24.4,33.1,19.0,11.2,0.0,Monday,2,True,False,False,False,False,False,2014,231,595.3599999999999,0,0
2014-02-18,5140,30.6,39.9,19.0,7.2,0.05,Tuesday,2,False,False,False,False,True,False,2014,232,936.3600000000001,0,1
2014-02-19,8506,36.4,45.0,25.0,5.3,0.1,Wednesday,2,False,False,False,False,False,True,2014,233,1324.9599999999998,0,1
2014-02-20,11792,42.5,50.0,28.0,8.1,0.25,Thursday,2,False,False,False,True,False,False,2014,234,1806.25,0,1
2014-02-21,8680,37.1,46.9,33.8,8.2,0.02,Friday,2,False,False,False,False,False,False,2014,235,1376.41,0,1
2014-02-22,13044,45.5,55.0,34.0,9.4,0.11,Saturday,2,False,True,False,False,False,False,2014,236,2070.25,1,1
2014-02-23,13324,48.0,55.0,37.9,5.2,0.0,Sunday,2,False,False,True,False,False,False,2014,237,2304.0,1,0
2014-02-24,12922,40.0,54.0,33.1,13.2,0.0,Monday,2,True,False,False,False,False,False,2014,238,1600.0,0,0
2014-02-25,12830,28.7,44.1,24.1,12.9,0.0,Tuesday,2,False,False,False,False,True,False,2014,239,823.6899999999999,0,0
2014-02-26,11188,28.0,33.1,24.1,9.2,0.0,Wednesday,2,False,False,False,False,False,True,2014,240,784.0,0,0
2014-02-27,12036,24.7,33.1,19.0,9.6,0.01,Thursday,2,False,False,False,True,False,False,2014,241,610.0899999999999,0,1
2014-02-28,9587,17.3,33.1,10.0,13.3,0.0,Friday,2,False,False,False,False,False,False,2014,242,299.29,0,0
2014-03-01,9202,26.6,37.9,10.0,5.6,0.0,Saturday,3,False,True,False,False,False,False,2014,243,707.5600000000001,1,0
2014-03-02,8195,36.6,39.0,21.0,6.0,0.0,Sunday,3,False,False,True,False,False,False,2014,244,1339.5600000000002,1,0
2014-03-03,7708,25.9,39.0,19.9,10.6,0.01,Monday,3,True,False,False,False,False,False,2014,245,670.81,0,1
2014-03-04,10398,20.3,32.0,12.9,6.4,0.0,Tuesday,3,False,False,False,False,True,False,2014,246,412.09000000000003,0,0
2014-03-05,13801,30.6,37.0,12.9,5.1,0.0,Wednesday,3,False,False,False,False,False,True,2014,247,936.3600000000001,0,0
2014-03-06,12773,24.2,37.0,16.0,10.2,0.0,Thursday,3,False,False,False,True,False,False,2014,248,585.64,0,0
2014-03-07,13304,29.2,36.0,16.0,10.2,0.0,Friday,3,False,False,False,False,False,False,2014,249,852.64,0,0
2014-03-08,16350,41.6,55.9,26.1,7.3,0.0,Saturday,3,False,True,False,False,False,False,2014,250,1730.5600000000002,1,0
2014-03-09,12262,41.4,55.9,35.1,11.3,0.0,Sunday,3,False,False,True,False,False,False,2014,251,1713.9599999999998,1,0
2014-03-10,17231,41.9,51.1,35.1,8.7,0.0,Monday,3,True,False,False,False,False,False,2014,252,1755.61,0,0
2014-03-11,24356,52.3,64.9,37.0,7.0,0.0,Tuesday,3,False,False,False,False,True,False,2014,253,2735.2899999999995,0,0
2014-03-12,15101,48.1,64.9,39.0,7.4,0.0,Wednesday,3,False,False,False,False,False,True,2014,254,2313.61,0,0
2014-03-13,10979,28.8,54.0,19.0,20.9,0.35,Thursday,3,False,False,False,True,False,False,2014,255,829.44,0,1
2014-03-14,16299,29.7,44.1,19.0,12.9,0.0,Friday,3,False,False,False,False,False,False,2014,256,882.0899999999999,0,0
2014-03-15,18053,47.9,57.9,39.0,11.1,0.0,Saturday,3,False,True,False,False,False,False,2014,257,2294.41,1,0
2014-03-16,9851,37.7,57.9,30.0,14.2,0.0,Sunday,3,False,False,True,False,False,False,2014,258,1421.2900000000002,1,0
2014-03-17,12503,28.3,33.1,23.0,9.3,0.0,Monday,3,True,False,False,False,False,False,2014,259,800.89,0,0
2014-03-18,16679,32.1,41.0,23.0,9.4,0.0,Tuesday,3,False,False,False,False,True,False,2014,260,1030.41,0,0
2014-03-19,13341,35.8,45.0,27.0,9.4,0.0,Wednesday,3,False,False,False,False,False,True,2014,261,1281.6399999999999,0,0
2014-03-20,19695,45.3,53.1,30.9,11.4,0.99,Thursday,3,False,False,False,True,False,False,2014,262,2052.0899999999997,0,1
2014-03-21,20718,43.7,53.1,39.0,14.1,0.0,Friday,3,False,False,False,False,False,False,2014,263,1909.6900000000003,0,0
2014-03-22,19880,48.4,63.0,37.0,9.7,0.0,Saturday,3,False,True,False,False,False,False,2014,264,2342.56,1,0
2014-03-23,11740,41.5,63.0,35.1,11.0,0.0,Sunday,3,False,False,True,False,False,False,2014,265,1722.25,1,0
2014-03-24,13598,28.1,42.1,21.9,12.8,0.0,Monday,3,True,False,False,False,False,False,2014,266,789.6100000000001,0,0
2014-03-25,16037,31.6,37.9,21.9,7.5,0.0,Tuesday,3,False,False,False,False,True,False,2014,267,998.5600000000001,0,0
2014-03-26,14500,33.4,37.9,26.1,16.8,0.0,Wednesday,3,False,False,False,False,False,True,2014,268,1115.56,0,0
2014-03-27,16666,30.1,42.1,23.0,12.7,0.0,Thursday,3,False,False,False,True,False,False,2014,269,906.0100000000001,0,0
2014-03-28,18425,44.9,60.1,23.0,8.1,0.0,Friday,3,False,False,False,False,False,False,2014,270,2016.0099999999998,0,0
2014-03-29,4480,48.3,60.1,37.9,6.7,0.03,Saturday,3,False,True,False,False,False,False,2014,271,2332.89,1,1
2014-03-30,7907,44.1,55.0,41.0,12.4,1.97,Sunday,3,False,False,True,False,False,False,2014,272,1944.8100000000002,1,1
2014-03-31,17085,42.1,53.1,35.6,15.2,0.29,Monday,3,True,False,False,False,False,False,2014,273,1772.41,0,1
2014-04-01,23908,45.9,59.0,36.0,8.5,0.02,Tuesday,4,False,False,False,False,True,False,2014,274,2106.81,0,1
2014-04-02,22515,45.6,59.0,39.0,5.7,0.0,Wednesday,4,False,False,False,False,False,True,2014,275,2079.36,0,0
2014-04-03,26321,50.7,64.0,41.0,3.9,0.0,Thursday,4,False,False,False,True,False,False,2014,276,2570.4900000000002,0,0
2014-04-04,12566,44.7,51.1,39.2,9.8,0.09,Friday,4,False,False,False,False,False,False,2014,277,1998.0900000000001,0,1
2014-04-05,18655,45.3,54.0,39.0,12.8,0.17,Saturday,4,False,True,False,False,False,False,2014,278,2052.0899999999997,1,1
2014-04-06,20750,44.9,59.0,37.0,9.7,0.0,Sunday,4,False,False,True,False,False,False,2014,279,2016.0099999999998,1,0
2014-04-07,14677,46.1,59.0,37.0,6.9,0.0,Monday,4,True,False,False,False,False,False,2014,280,2125.21,0,0
2014-04-08,21884,51.0,64.9,41.0,10.7,0.99,Tuesday,4,False,False,False,False,True,False,2014,281,2601.0,0,1
2014-04-09,26931,51.4,64.9,43.0,13.2,0.01,Wednesday,4,False,False,False,False,False,True,2014,282,2641.96,0,1
2014-04-10,27463,49.8,59.0,42.1,10.4,0.0,Thursday,4,False,False,False,True,False,False,2014,283,2480.0399999999995,0,0
2014-04-11,26798,59.2,73.9,42.1,8.8,0.0,Friday,4,False,False,False,False,False,False,2014,284,3504.6400000000003,0,0
2014-04-12,27108,58.8,73.9,48.9,6.6,0.0,Saturday,4,False,True,False,False,False,False,2014,285,3457.4399999999996,1,0
2014-04-13,26871,59.8,73.9,48.9,8.2,0.0,Sunday,4,False,False,True,False,False,False,2014,286,3576.0399999999995,1,0
2014-04-14,28832,61.7,73.9,50.0,10.5,0.0,Monday,4,True,False,False,False,False,False,2014,287,3806.8900000000003,0,0
2014-04-15,10523,56.9,61.0,44.6,13.7,0.1,Tuesday,4,False,False,False,False,True,False,2014,288,3237.6099999999997,0,1
2014-04-16,20082,38.9,46.9,32.0,14.1,0.82,Wednesday,4,False,False,False,False,False,True,2014,289,1513.2099999999998,0,1
2014-04-17,22282,41.1,46.9,32.0,11.4,0.05,Thursday,4,False,False,False,True,False,False,2014,290,1689.21,0,1
2014-04-18,20770,39.9,46.9,35.1,7.1,0.0,Friday,4,False,False,False,False,False,False,2014,291,1592.01,0,0
2014-04-19,24369,50.6,64.9,35.1,6.8,0.0,Saturday,4,False,True,False,False,False,False,2014,292,2560.36,1,0
2014-04-20,18464,51.6,64.9,42.1,9.2,0.0,Sunday,4,False,False,True,False,False,False,2014,293,2662.56,1,0
2014-04-21,27124,49.9,63.0,41.0,5.4,0.0,Monday,4,True,False,False,False,False,False,2014,294,2490.0099999999998,0,0
2014-04-22,27259,56.4,66.0,41.0,7.7,0.0,Tuesday,4,False,False,False,False,True,False,2014,295,3180.96,0,0
2014-04-23,26949,55.6,66.0,48.0,16.0,0.0,Wednesday,4,False,False,False,False,False,True,2014,296,3091.36,0,0
2014-04-24,28107,49.4,62.1,43.0,17.9,0.0,Thursday,4,False,False,False,True,False,False,2014,297,2440.3599999999997,0,0
2014-04-25,27919,52.3,60.1,43.0,8.9,0.0,Friday,4,False,False,False,False,False,False,2014,298,2735.2899999999995,0,0
2014-04-26,19899,52.0,64.0,44.6,8.2,0.7,Saturday,4,False,True,False,False,False,False,2014,299,2704.0,1,1
2014-04-27,21926,51.3,64.0,45.0,10.8,0.06,Sunday,4,False,False,True,False,False,False,2014,300,2631.6899999999996,1,1
2014-04-28,28557,53.7,64.0,46.0,7.3,0.0,Monday,4,True,False,False,False,False,False,2014,301,2883.6900000000005,0,0
2014-04-29,18404,49.9,64.0,44.1,13.4,0.0,Tuesday,4,False,False,False,False,True,False,2014,302,2490.0099999999998,0,0
2014-04-30,2867,44.5,51.1,42.1,14.1,0.55,Wednesday,4,False,False,False,False,False,True,2014,303,1980.25,0,1
2014-05-01,26762,59.3,77.0,42.1,7.9,4.88,Thursday,5,False,False,False,True,False,False,2014,304,3516.49,0,1
2014-05-02,32377,62.8,77.0,48.9,7.6,0.01,Friday,5,False,False,False,False,False,False,2014,305,3943.8399999999997,0,1
2014-05-03,25501,61.7,69.1,54.0,7.2,0.0,Saturday,5,False,True,False,False,False,False,2014,306,3806.8900000000003,1,0
2014-05-04,21277,58.7,69.1,54.0,12.2,0.03,Sunday,5,False,False,True,False,False,False,2014,307,3445.6900000000005,1,1
2014-05-05,30288,57.5,66.9,50.0,15.6,0.0,Monday,5,True,False,False,False,False,False,2014,308,3306.25,0,0
2014-05-06,32233,59.2,68.0,50.0,8.6,0.0,Tuesday,5,False,False,False,False,True,False,2014,309,3504.6400000000003,0,0
2014-05-07,32882,59.0,68.0,51.1,7.0,0.0,Wednesday,5,False,False,False,False,False,True,2014,310,3481.0,0,0
2014-05-08,17619,55.6,68.0,51.1,6.7,0.32,Thursday,5,False,False,False,True,False,False,2014,311,3091.36,0,1
2014-05-09,22641,54.9,63.0,52.0,5.5,0.09,Friday,5,False,False,False,False,False,False,2014,312,3014.0099999999998,0,1
2014-05-10,21832,65.4,82.0,52.0,7.1,0.02,Saturday,5,False,True,False,False,False,False,2014,313,4277.160000000001,1,1
2014-05-11,28326,69.3,82.0,55.0,9.8,0.93,Sunday,5,False,False,True,False,False,False,2014,314,4802.49,1,1
2014-05-12,31644,73.2,82.0,62.1,4.4,0.02,Monday,5,True,False,False,False,False,False,2014,315,5358.240000000001,0,1
2014-05-13,32847,65.8,82.0,59.0,7.7,0.0,Tuesday,5,False,False,False,False,True,False,2014,316,4329.639999999999,0,0
2014-05-14,30044,56.5,71.1,51.1,7.1,0.0,Wednesday,5,False,False,False,False,False,True,2014,317,3192.25,0,0
2014-05-15,26057,60.7,75.0,51.1,8.5,0.14,Thursday,5,False,False,False,True,False,False,2014,318,3684.4900000000002,0,1
2014-05-16,17784,67.2,75.0,54.0,15.9,0.03,Friday,5,False,False,False,False,False,False,2014,319,4515.84,0,1
2014-05-17,29912,62.2,71.1,54.0,9.8,1.58,Saturday,5,False,True,False,False,False,False,2014,320,3868.84,1,1
2014-05-18,27436,60.4,70.0,53.1,7.6,0.0,Sunday,5,False,False,True,False,False,False,2014,321,3648.16,1,0
2014-05-19,31692,60.4,70.0,53.1,10.5,0.0,Monday,5,True,False,False,False,False,False,2014,322,3648.16,0,0
2014-05-20,35567,65.5,77.0,53.1,8.9,0.0,Tuesday,5,False,False,False,False,True,False,2014,323,4290.25,0,0
2014-05-21,34420,69.7,77.0,57.0,6.7,0.0,Wednesday,5,False,False,False,False,False,True,2014,324,4858.09,0,0
2014-05-22,24535,62.9,75.0,57.9,6.2,0.27,Thursday,5,False,False,False,True,False,False,2014,325,3956.41,0,1
2014-05-23,24484,60.3,68.0,57.0,6.0,0.01,Friday,5,False,False,False,False,False,False,2014,326,3636.0899999999997,0,1
2014-05-24,16798,60.2,68.0,57.0,6.2,1.09,Saturday,5,False,True,False,False,False,False,2014,327,3624.0400000000004,1,1
2014-05-25,25637,65.5,81.0,55.9,5.4,0.02,Sunday,5,False,False,True,False,False,False,2014,328,4290.25,1,1
2014-05-26,26930,75.2,87.1,55.9,7.2,0.0,Monday,5,True,False,False,False,False,False,2014,329,5655.040000000001,0,0
2014-05-27,32936,79.5,87.1,66.0,7.6,0.0,Tuesday,5,False,False,False,False,True,False,2014,330,6320.25,0,0
2014-05-28,29690,61.3,86.0,54.0,11.7,0.0,Wednesday,5,False,False,False,False,False,True,2014,331,3757.6899999999996,0,0
2014-05-29,33889,55.6,63.0,51.1,9.8,0.0,Thursday,5,False,False,False,True,False,False,2014,332,3091.36,0,0
2014-05-30,34343,63.2,75.9,51.1,4.1,0.0,Friday,5,False,False,False,False,False,False,2014,333,3994.2400000000002,0,0
2014-05-31,27734,64.0,75.9,55.9,10.6,0.03,Saturday,5,False,True,False,False,False,False,2014,334,4096.0,1,1
2014-06-01,31333,65.1,77.0,57.0,6.0,0.01,Sunday,6,False,False,True,False,False,False,2014,335,4238.009999999999,1,1
2014-06-02,34519,69.7,79.0,57.0,9.3,0.0,Monday,6,True,False,False,False,False,False,2014,336,4858.09,0,0
2014-06-03,29501,75.7,84.9,61.0,7.4,0.0,Tuesday,6,False,False,False,False,True,False,2014,337,5730.490000000001,0,0
2014-06-04,36068,69.5,84.9,62.1,6.8,0.06,Wednesday,6,False,False,False,False,False,True,2014,338,4830.25,0,1
2014-06-05,24619,67.0,81.0,62.1,7.9,0.4,Thursday,6,False,False,False,True,False,False,2014,339,4489.0,0,1
2014-06-06,37719,67.8,75.9,61.0,11.3,0.3,Friday,6,False,False,False,False,False,False,2014,340,4596.839999999999,0,1
2014-06-07,31204,71.5,82.0,61.0,6.4,0.0,Saturday,6,False,True,False,False,False,False,2014,341,5112.25,1,0
2014-06-08,30162,76.4,84.9,63.0,5.5,0.0,Sunday,6,False,False,True,False,False,False,2014,342,5836.960000000001,1,0
2014-06-09,18611,68.0,84.9,62.1,7.0,0.45,Monday,6,True,False,False,False,False,False,2014,343,4624.0,0,1
2014-06-10,33435,66.9,75.2,63.0,6.5,0.79,Tuesday,6,False,False,False,False,True,False,2014,344,4475.610000000001,0,1
2014-06-11,30548,65.6,75.0,61.0,9.5,0.04,Wednesday,6,False,False,False,False,False,True,2014,345,4303.36,0,1
2014-06-12,29084,63.6,75.9,59.0,9.0,0.01,Thursday,6,False,False,False,True,False,False,2014,346,4044.96,0,1
2014-06-13,18308,65.7,75.9,59.0,8.4,0.14,Friday,6,False,False,False,False,False,False,2014,347,4316.490000000001,0,1
2014-06-14,28417,69.6,75.9,62.1,10.1,1.43,Saturday,6,False,True,False,False,False,False,2014,348,4844.159999999999,1,1
2014-06-15,28382,67.6,79.0,61.0,10.0,0.0,Sunday,6,False,False,True,False,False,False,2014,349,4569.759999999999,1,0
2014-06-16,34932,72.0,81.0,61.0,5.3,0.0,Monday,6,True,False,False,False,False,False,2014,350,5184.0,0,0
2014-06-17,35097,76.7,88.0,64.0,6.7,0.0,Tuesday,6,False,False,False,False,True,False,2014,351,5882.89,0,0
2014-06-18,35531,83.2,88.0,70.0,11.2,0.0,Wednesday,6,False,False,False,False,False,True,2014,352,6922.240000000001,0,0
2014-06-19,31724,74.8,88.0,68.0,5.4,0.0,Thursday,6,False,False,False,True,False,False,2014,353,5595.04,0,0
2014-06-20,34405,73.3,80.1,66.0,8.0,0.0,Friday,6,False,False,False,False,False,False,2014,354,5372.889999999999,0,0
2014-06-21,30288,70.0,75.9,62.1,8.4,0.0,Saturday,6,False,True,False,False,False,False,2014,355,4900.0,1,0
2014-06-22,29417,70.1,77.0,64.0,6.4,0.0,Sunday,6,False,False,True,False,False,False,2014,356,4914.009999999999,1,0
2014-06-23,32580,73.2,82.0,64.0,6.2,0.0,Monday,6,True,False,False,False,False,False,2014,357,5358.240000000001,0,0
2014-06-24,35897,73.5,82.0,66.9,10.8,0.0,Tuesday,6,False,False,False,False,True,False,2014,358,5402.25,0,0
2014-06-25,34340,75.4,84.0,69.1,10.3,0.0,Wednesday,6,False,False,False,False,False,True,2014,359,5685.160000000001,0,0
2014-06-26,34846,77.5,86.0,71.1,6.3,0.07,Thursday,6,False,False,False,True,False,False,2014,360,6006.25,0,1
2014-06-27,35823,74.5,86.0,68.0,7.5,0.0,Friday,6,False,False,False,False,False,False,2014,361,5550.25,0,0
2014-06-28,28507,75.6,87.1,68.0,5.4,0.0,Saturday,6,False,True,False,False,False,False,2014,362,5715.359999999999,1,0
2014-06-29,27986,74.9,87.1,69.1,7.5,0.0,Sunday,6,False,False,True,False,False,False,2014,363,5610.010000000001,1,0
2014-06-30,33597,75.8,84.0,69.1,9.0,0.0,Monday,6,True,False,False,False,False,False,2014,364,5745.639999999999,0,0
2014-07-01,34854,79.0,88.0,69.1,10.2,0.0,Tuesday,7,False,False,False,False,True,False,2014,365,6241.0,0,0
2014-07-02,26582,81.7,91.0,73.0,10.1,0.0,Wednesday,7,False,False,False,False,False,True,2014,366,6674.89,0,0
2014-07-03,27587,78.9,91.0,72.0,6.3,0.65,Thursday,7,False,False,False,True,False,False,2014,367,6225.210000000001,0,1
2014-07-04,13612,71.1,89.1,64.9,8.5,0.71,Friday,7,False,False,False,False,False,False,2014,368,5055.209999999999,0,1
2014-07-05,22913,71.8,82.9,64.9,13.7,0.16,Saturday,7,False,True,False,False,False,False,2014,369,5155.24,1,1
2014-07-06,23822,78.2,87.1,64.9,9.5,0.0,Sunday,7,False,False,True,False,False,False,2014,370,6115.240000000001,1,0
2014-07-07,31863,81.3,91.9,69.1,11.4,0.0,Monday,7,True,False,False,False,False,False,2014,371,6609.69,0,0
2014-07-08,32713,83.8,93.0,72.0,10.7,0.18,Tuesday,7,False,False,False,False,True,False,2014,372,7022.44,0,1
2014-07-09,34426,79.5,93.0,72.0,10.2,0.0,Wednesday,7,False,False,False,False,False,True,2014,373,6320.25,0,0
2014-07-10,36288,76.3,88.0,70.0,5.5,0.0,Thursday,7,False,False,False,True,False,False,2014,374,5821.69,0,0
2014-07-11,35000,76.9,84.9,70.0,6.1,0.0,Friday,7,False,False,False,False,False,False,2014,375,5913.610000000001,0,0
2014-07-12,28718,77.0,86.0,70.0,7.0,0.0,Saturday,7,False,True,False,False,False,False,2014,376,5929.0,1,0
2014-07-13,24869,75.3,86.0,71.1,10.1,0.0,Sunday,7,False,False,True,False,False,False,2014,377,5670.089999999999,1,0
2014-07-14,25825,77.2,84.9,71.1,6.3,0.41,Monday,7,True,False,False,False,False,False,2014,378,5959.84,0,1
2014-07-15,22963,76.3,88.0,72.0,7.0,0.57,Tuesday,7,False,False,False,False,True,False,2014,379,5821.69,0,1
2014-07-16,35391,73.8,88.0,68.0,6.4,0.93,Wednesday,7,False,False,False,False,False,True,2014,380,5446.44,0,1
2014-07-17,38619,75.0,82.9,68.0,4.8,0.0,Thursday,7,False,False,False,True,False,False,2014,381,5625.0,0,0
2014-07-18,36105,74.6,82.9,68.0,6.1,0.0,Friday,7,False,False,False,False,False,False,2014,382,5565.159999999999,0,0
2014-07-19,29291,73.1,82.0,68.0,6.0,0.0,Saturday,7,False,True,False,False,False,False,2014,383,5343.609999999999,1,0
2014-07-20,30296,71.2,77.0,66.9,9.1,0.0,Sunday,7,False,False,True,False,False,False,2014,384,5069.4400000000005,1,0
2014-07-21,35670,74.0,84.0,66.9,4.4,0.0,Monday,7,True,False,False,False,False,False,2014,385,5476.0,0,0
2014-07-22,36886,78.1,87.1,66.9,7.3,0.0,Tuesday,7,False,False,False,False,True,False,2014,386,6099.609999999999,0,0
2014-07-23,34173,80.2,89.1,72.0,9.9,0.0,Wednesday,7,False,False,False,False,False,True,2014,387,6432.040000000001,0,0
2014-07-24,36693,76.8,89.1,73.0,7.9,0.12,Thursday,7,False,False,False,True,False,False,2014,388,5898.24,0,1
2014-07-25,36384,74.6,82.0,66.9,6.9,0.0,Friday,7,False,False,False,False,False,False,2014,389,5565.159999999999,0,0
2014-07-26,27179,75.7,82.9,66.9,7.9,0.0,Saturday,7,False,True,False,False,False,False,2014,390,5730.490000000001,1,0
2014-07-27,27004,77.5,88.0,71.1,8.5,0.0,Sunday,7,False,False,True,False,False,False,2014,391,6006.25,1,0
2014-07-28,33189,78.2,88.0,70.0,9.4,0.26,Monday,7,True,False,False,False,False,False,2014,392,6115.240000000001,0,1
2014-07-29,37092,70.6,84.0,64.9,11.4,0.0,Tuesday,7,False,False,False,False,True,False,2014,393,4984.359999999999,0,0
2014-07-30,37377,72.5,82.9,64.9,6.5,0.0,Wednesday,7,False,False,False,False,False,True,2014,394,5256.25,0,0
2014-07-31,35458,75.1,82.9,64.9,8.6,0.0,Thursday,7,False,False,False,True,False,False,2014,395,5640.009999999999,0,0
2014-08-01,32654,76.7,86.0,70.0,7.3,0.0,Friday,8,False,False,False,False,False,False,2014,396,5882.89,0,0
2014-08-02,26784,71.1,86.0,64.9,8.7,0.34,Saturday,8,False,True,False,False,False,False,2014,397,5055.209999999999,1,1
2014-08-03,25276,69.6,75.9,64.9,4.8,0.12,Sunday,8,False,False,True,False,False,False,2014,398,4844.159999999999,1,1
2014-08-04,33822,75.4,84.0,66.0,5.4,0.01,Monday,8,True,False,False,False,False,False,2014,399,5685.160000000001,0,1
2014-08-05,34392,79.7,89.1,71.1,4.4,0.0,Tuesday,8,False,False,False,False,True,False,2014,400,6352.09,0,0
2014-08-06,36336,76.9,89.1,71.1,7.1,0.0,Wednesday,8,False,False,False,False,False,True,2014,401,5913.610000000001,0,0
2014-08-07,36362,75.2,84.0,66.9,8.1,0.0,Thursday,8,False,False,False,True,False,False,2014,402,5655.040000000001,0,0
2014-08-08,34073,74.0,82.9,66.0,7.1,0.0,Friday,8,False,False,False,False,False,False,2014,403,5476.0,0,0
2014-08-09,31636,77.5,87.1,66.0,4.0,0.0,Saturday,8,False,True,False,False,False,False,2014,404,6006.25,1,0
2014-08-10,26749,78.9,87.1,70.0,4.8,0.0,Sunday,8,False,False,True,False,False,False,2014,405,6225.210000000001,1,0
2014-08-11,33664,79.7,87.1,71.1,5.9,0.0,Monday,8,True,False,False,False,False,False,2014,406,6352.09,0,0
2014-08-12,26261,75.5,87.1,72.0,11.1,0.0,Tuesday,8,False,False,False,False,True,False,2014,407,5700.25,0,0
2014-08-13,27977,73.4,86.0,68.0,13.5,0.77,Wednesday,8,False,False,False,False,False,True,2014,408,5387.56,0,1
2014-08-14,35154,72.0,86.0,64.0,11.6,0.15,Thursday,8,False,False,False,True,False,False,2014,409,5184.0,0,1
2014-08-15,32480,69.6,79.0,63.0,9.2,0.0,Friday,8,False,False,False,False,False,False,2014,410,4844.159999999999,0,0
2014-08-16,32017,71.7,79.0,63.0,7.1,0.0,Saturday,8,False,True,False,False,False,False,2014,411,5140.89,1,0
2014-08-17,27417,74.7,82.9,66.0,7.7,0.0,Sunday,8,False,False,True,False,False,False,2014,412,5580.09,1,0
2014-08-18,34339,72.6,82.9,64.0,8.8,0.01,Monday,8,True,False,False,False,False,False,2014,413,5270.759999999999,0,1
2014-08-19,35367,72.5,81.0,64.0,6.9,0.0,Tuesday,8,False,False,False,False,True,False,2014,414,5256.25,0,0
2014-08-20,35532,75.4,84.0,64.9,6.2,0.0,Wednesday,8,False,False,False,False,False,True,2014,415,5685.160000000001,0,0
2014-08-21,33804,75.0,84.0,69.1,6.3,0.07,Thursday,8,False,False,False,True,False,False,2014,416,5625.0,0,1
2014-08-22,30406,71.2,81.0,64.0,7.6,1.2,Friday,8,False,False,False,False,False,False,2014,417,5069.4400000000005,0,1
2014-08-23,26429,70.1,75.9,66.9,8.2,0.04,Saturday,8,False,True,False,False,False,False,2014,418,4914.009999999999,1,1
2014-08-24,27493,72.0,80.1,64.9,6.2,0.0,Sunday,8,False,False,True,False,False,False,2014,419,5184.0,1,0
2014-08-25,32892,75.4,86.0,64.9,4.4,0.0,Monday,8,True,False,False,False,False,False,2014,420,5685.160000000001,0,0
2014-08-26,34519,79.0,86.0,68.0,4.6,0.0,Tuesday,8,False,False,False,False,True,False,2014,421,6241.0,0,0
2014-08-27,33721,79.0,89.1,71.1,7.0,0.0,Wednesday,8,False,False,False,False,False,True,2014,422,6241.0,0,0
2014-08-28,33927,76.5,89.1,70.0,8.9,0.0,Thursday,8,False,False,False,True,False,False,2014,423,5852.25,0,0
2014-08-29,31264,70.3,80.1,64.0,8.0,0.0,Friday,8,False,False,False,False,False,False,2014,424,4942.089999999999,0,0
2014-08-30,22689,71.7,79.0,64.0,6.7,0.0,Saturday,8,False,True,False,False,False,False,2014,425,5140.89,1,0
2014-08-31,18053,77.4,91.9,66.9,9.4,0.0,Sunday,8,False,False,True,False,False,False,2014,426,5990.760000000001,1,0
2014-09-01,23575,80.3,91.9,73.0,5.6,0.79,Monday,9,True,False,False,False,False,False,2014,427,6448.089999999999,0,1
2014-09-02,30507,84.3,93.0,75.9,6.8,0.0,Tuesday,9,False,False,False,False,True,False,2014,428,7106.49,0,0
2014-09-03,35535,80.2,93.0,73.0,9.6,0.0,Wednesday,9,False,False,False,False,False,True,2014,429,6432.040000000001,0,0
2014-09-04,36496,78.5,86.0,71.1,6.1,0.0,Thursday,9,False,False,False,True,False,False,2014,430,6162.25,0,0
2014-09-05,34831,78.3,86.0,71.1,8.0,0.0,Friday,9,False,False,False,False,False,False,2014,431,6130.889999999999,0,0
2014-09-06,25833,80.8,91.0,73.0,8.0,0.0,Saturday,9,False,True,False,False,False,False,2014,432,6528.639999999999,1,0
2014-09-07,29721,73.1,91.0,66.0,8.2,0.21,Sunday,9,False,False,True,False,False,False,2014,433,5343.609999999999,1,1
2014-09-08,34335,71.0,80.1,64.9,9.4,0.0,Monday,9,True,False,False,False,False,False,2014,434,5041.0,0,0
2014-09-09,34518,68.1,77.0,64.0,12.5,0.0,Tuesday,9,False,False,False,False,True,False,2014,435,4637.61,0,0
2014-09-10,37653,68.5,75.0,62.6,9.3,0.0,Wednesday,9,False,False,False,False,False,True,2014,436,4692.25,0,0
2014-09-11,37081,73.8,84.0,63.0,9.1,0.0,Thursday,9,False,False,False,True,False,False,2014,437,5446.44,0,0
2014-09-12,37204,70.6,84.0,63.0,9.6,0.0,Friday,9,False,False,False,False,False,False,2014,438,4984.359999999999,0,0
2014-09-13,17293,65.1,71.1,60.8,10.5,0.0,Saturday,9,False,True,False,False,False,False,2014,439,4238.009999999999,1,0
2014-09-14,28688,62.1,71.1,55.0,7.4,0.19,Sunday,9,False,False,True,False,False,False,2014,440,3856.4100000000003,1,1
2014-09-15,35045,63.6,73.0,55.0,6.5,0.0,Monday,9,True,False,False,False,False,False,2014,441,4044.96,0,0
2014-09-16,25633,63.9,73.0,55.0,5.6,0.01,Tuesday,9,False,False,False,False,True,False,2014,442,4083.21,0,1
2014-09-17,37453,65.9,73.0,57.9,4.3,0.41,Wednesday,9,False,False,False,False,False,True,2014,443,4342.81,0,1
2014-09-18,37381,67.6,75.0,59.0,4.6,0.0,Thursday,9,False,False,False,True,False,False,2014,444,4569.759999999999,0,0
2014-09-19,34713,62.1,75.0,55.0,10.3,0.0,Friday,9,False,False,False,False,False,False,2014,445,3856.4100000000003,0,0
2014-09-20,30011,65.0,73.9,55.0,9.1,0.0,Saturday,9,False,True,False,False,False,False,2014,446,4225.0,1,0
2014-09-21,26080,70.4,77.0,57.9,3.5,0.21,Sunday,9,False,False,True,False,False,False,2014,447,4956.160000000001,1,1
2014-09-22,33239,68.8,77.0,61.0,11.1,0.0,Monday,9,True,False,False,False,False,False,2014,448,4733.44,0,0
2014-09-23,36347,60.9,73.0,54.0,7.0,0.0,Tuesday,9,False,False,False,False,True,False,2014,449,3708.81,0,0
2014-09-24,35481,65.0,73.0,54.0,8.1,0.0,Wednesday,9,False,False,False,False,False,True,2014,450,4225.0,0,0
2014-09-25,16650,62.6,70.0,57.9,13.0,0.02,Thursday,9,False,False,False,True,False,False,2014,451,3918.76,0,1
2014-09-26,35116,66.4,77.0,57.9,7.0,0.15,Friday,9,False,False,False,False,False,False,2014,452,4408.960000000001,0,1
2014-09-27,30193,72.6,82.9,60.1,3.6,0.0,Saturday,9,False,True,False,False,False,False,2014,453,5270.759999999999,1,0
2014-09-28,29021,73.4,84.0,64.9,3.2,0.0,Sunday,9,False,False,True,False,False,False,2014,454,5387.56,1,0
2014-09-29,33161,72.7,84.0,64.9,4.1,0.0,Monday,9,True,False,False,False,False,False,2014,455,5285.29,0,0
2014-09-30,35093,69.0,73.9,64.4,6.2,0.0,Tuesday,9,False,False,False,False,True,False,2014,456,4761.0,0,0
2014-10-01,27942,63.3,66.2,60.8,8.4,0.04,Wednesday,10,False,False,False,False,False,True,2014,457,4006.8899999999994,0,1
2014-10-02,34492,63.3,68.0,60.1,9.1,0.0,Thursday,10,False,False,False,True,False,False,2014,458,4006.8899999999994,0,0
2014-10-03,34944,62.4,69.1,57.0,6.8,0.0,Friday,10,False,False,False,False,False,False,2014,459,3893.7599999999998,0,0
2014-10-04,13354,65.0,71.1,57.0,10.0,0.07,Saturday,10,False,True,False,False,False,False,2014,460,4225.0,1,1
2014-10-05,23456,54.2,71.1,46.9,12.2,0.98,Sunday,10,False,False,True,False,False,False,2014,461,2937.6400000000003,1,1
2014-10-06,31742,59.2,71.1,46.9,8.5,0.0,Monday,10,True,False,False,False,False,False,2014,462,3504.6400000000003,0,0
2014-10-07,32892,67.1,72.0,51.1,11.4,0.0,Tuesday,10,False,False,False,False,True,False,2014,463,4502.409999999999,0,0
2014-10-08,33607,67.6,73.0,64.0,13.5,0.06,Wednesday,10,False,False,False,False,False,True,2014,464,4569.759999999999,0,1
2014-10-09,32203,64.2,73.0,57.9,12.6,0.03,Thursday,10,False,False,False,True,False,False,2014,465,4121.64,0,1
2014-10-10,30887,60.3,69.1,54.0,6.5,0.0,Friday,10,False,False,False,False,False,False,2014,466,3636.0899999999997,0,0
2014-10-11,12965,56.2,62.1,51.8,6.2,0.13,Saturday,10,False,True,False,False,False,False,2014,467,3158.4400000000005,1,1
2014-10-12,23394,55.1,62.1,48.9,5.3,0.2,Sunday,10,False,False,True,False,False,False,2014,468,3036.01,1,1
2014-10-13,22752,58.8,66.0,48.9,4.4,0.0,Monday,10,True,False,False,False,False,False,2014,469,3457.4399999999996,0,0
2014-10-14,32614,67.6,75.9,53.1,8.5,0.03,Tuesday,10,False,False,False,False,True,False,2014,470,4569.759999999999,0,1
2014-10-15,28743,71.9,78.1,64.0,12.9,0.0,Wednesday,10,False,False,False,False,False,True,2014,471,5169.610000000001,0,0
2014-10-16,26754,69.8,78.1,64.9,11.0,0.72,Thursday,10,False,False,False,True,False,False,2014,472,4872.04,0,1
2014-10-17,34132,65.8,72.0,61.0,8.7,0.08,Friday,10,False,False,False,False,False,False,2014,473,4329.639999999999,0,1
2014-10-18,24978,64.1,72.0,60.1,8.9,0.0,Saturday,10,False,True,False,False,False,False,2014,474,4108.8099999999995,1,0
2014-10-19,18840,54.5,70.0,48.0,14.8,0.0,Sunday,10,False,False,True,False,False,False,2014,475,2970.25,1,0
2014-10-20,27914,49.8,61.0,44.1,8.4,0.0,Monday,10,True,False,False,False,False,False,2014,476,2480.0399999999995,0,0
2014-10-21,31330,60.0,68.0,44.1,5.6,0.0,Tuesday,10,False,False,False,False,True,False,2014,477,3600.0,0,0
2014-10-22,9169,57.0,68.0,52.0,11.5,0.35,Wednesday,10,False,False,False,False,False,True,2014,478,3249.0,0,1
2014-10-23,13371,52.2,59.0,51.1,15.6,1.0,Thursday,10,False,False,False,True,False,False,2014,479,2724.84,0,1
2014-10-24,29837,54.7,62.1,51.1,11.2,0.23,Friday,10,False,False,False,False,False,False,2014,480,2992.09,0,1
2014-10-25,24952,58.7,68.0,51.1,8.3,0.0,Saturday,10,False,True,False,False,False,False,2014,481,3445.6900000000005,1,0
2014-10-26,20768,59.6,68.0,52.0,13.3,0.0,Sunday,10,False,False,True,False,False,False,2014,482,3552.1600000000003,1,0
2014-10-27,28806,57.0,64.0,51.1,11.0,0.0,Monday,10,True,False,False,False,False,False,2014,483,3249.0,0,0
2014-10-28,32956,60.4,72.0,51.1,6.1,0.0,Tuesday,10,False,False,False,False,True,False,2014,484,3648.16,0,0
2014-10-29,29999,64.2,72.0,53.1,7.1,0.0,Wednesday,10,False,False,False,False,False,True,2014,485,4121.64,0,0
2014-10-30,31133,54.0,72.0,50.0,8.4,0.0,Thursday,10,False,False,False,True,False,False,2014,486,2916.0,0,0
2014-10-31,27785,49.9,57.9,45.0,9.3,0.0,Friday,10,False,False,False,False,False,False,2014,487,2490.0099999999998,0,0
2014-11-01,6002,48.1,55.0,45.0,15.1,0.05,Saturday,11,False,True,False,False,False,False,2014,488,2313.61,1,1
2014-11-02,14100,44.6,48.0,42.1,19.4,0.17,Sunday,11,False,False,True,False,False,False,2014,489,1989.16,1,1
2014-11-03,26757,48.1,62.1,41.0,13.6,0.0,Monday,11,True,False,False,False,False,False,2014,490,2313.61,0,0
2014-11-04,31174,60.2,69.1,41.0,8.5,0.0,Tuesday,11,False,False,False,False,True,False,2014,491,3624.0400000000004,0,0
2014-11-05,30539,61.4,69.1,55.0,9.0,0.0,Wednesday,11,False,False,False,False,False,True,2014,492,3769.96,0,0
2014-11-06,12283,52.7,64.0,48.0,5.3,0.13,Thursday,11,False,False,False,True,False,False,2014,493,2777.2900000000004,0,1
2014-11-07,25355,49.6,59.0,45.0,12.9,0.21,Friday,11,False,False,False,False,False,False,2014,494,2460.1600000000003,0,1
2014-11-08,17443,42.4,52.0,37.9,11.0,0.0,Saturday,11,False,True,False,False,False,False,2014,495,1797.76,1,0
2014-11-09,18207,49.9,57.0,37.9,6.2,0.0,Sunday,11,False,False,True,False,False,False,2014,496,2490.0099999999998,1,0
2014-11-10,27655,51.8,61.0,42.1,3.4,0.0,Monday,11,True,False,False,False,False,False,2014,497,2683.24,0,0
2014-11-11,29358,54.9,64.0,42.1,5.0,0.0,Tuesday,11,False,False,False,False,True,False,2014,498,3014.0099999999998,0,0
2014-11-12,27807,58.7,66.0,46.9,5.6,0.0,Wednesday,11,False,False,False,False,False,True,2014,499,3445.6900000000005,0,0
2014-11-13,20652,45.7,66.0,39.9,5.3,0.0,Thursday,11,False,False,False,True,False,False,2014,500,2088.4900000000002,0,0
2014-11-14,21082,39.3,48.0,36.0,12.4,0.2,Friday,11,False,False,False,False,False,False,2014,501,1544.4899999999998,0,1
2014-11-15,14057,37.8,43.0,34.0,9.7,0.03,Saturday,11,False,True,False,False,False,False,2014,502,1428.8399999999997,1,1
2014-11-16,13272,39.4,44.1,34.0,5.4,0.0,Sunday,11,False,False,True,False,False,False,2014,503,1552.36,1,0
2014-11-17,8116,43.6,53.1,35.1,5.8,0.51,Monday,11,True,False,False,False,False,False,2014,504,1900.96,0,1
2014-11-18,16691,37.1,53.1,28.0,16.2,1.0,Tuesday,11,False,False,False,False,True,False,2014,505,1376.41,0,1
2014-11-19,16694,26.7,46.0,21.9,12.9,0.0,Wednesday,11,False,False,False,False,False,True,2014,506,712.89,0,0
2014-11-20,20611,38.1,46.0,21.9,11.2,0.0,Thursday,11,False,False,False,True,False,False,2014,507,1451.6100000000001,0,0
2014-11-21,17806,33.1,46.0,28.0,15.8,0.0,Friday,11,False,False,False,False,False,False,2014,508,1095.6100000000001,0,0
2014-11-22,12682,34.3,43.0,28.0,8.8,0.0,Saturday,11,False,True,False,False,False,False,2014,509,1176.4899999999998,1,0
2014-11-23,15669,46.9,55.0,28.9,7.9,0.0,Sunday,11,False,False,True,False,False,False,2014,510,2199.6099999999997,1,0
2014-11-24,23031,57.5,64.0,44.1,10.6,0.61,Monday,11,True,False,False,False,False,False,2014,511,3306.25,0,1
2014-11-25,25580,60.1,66.9,48.9,9.7,0.0,Tuesday,11,False,False,False,False,True,False,2014,512,3612.01,0,0
2014-11-26,3675,44.0,53.1,33.8,9.8,0.0,Wednesday,11,False,False,False,False,False,True,2014,513,1936.0,0,0
2014-11-27,3945,36.5,51.1,34.0,11.3,1.07,Thursday,11,False,False,False,True,False,False,2014,514,1332.25,0,1
2014-11-28,8378,34.4,37.9,30.9,13.1,0.01,Friday,11,False,False,False,False,False,False,2014,515,1183.36,0,1
2014-11-29,8183,31.4,37.0,28.9,5.9,0.0,Saturday,11,False,True,False,False,False,False,2014,516,985.9599999999999,1,0
2014-11-30,12384,46.5,53.1,28.9,7.7,0.0,Sunday,11,False,False,True,False,False,False,2014,517,2162.25,1,0
2014-12-01,18519,55.4,64.0,44.1,7.6,0.0,Monday,12,True,False,False,False,False,False,2014,518,3069.16,0,0
2014-12-02,15367,39.7,46.0,35.1,12.3,0.05,Tuesday,12,False,False,False,False,True,False,2014,519,1576.0900000000001,0,1
2014-12-03,13472,43.5,46.9,35.1,8.3,0.12,Wednesday,12,False,False,False,False,False,True,2014,520,1892.25,0,1
2014-12-04,21335,42.0,46.9,37.9,11.3,0.09,Thursday,12,False,False,False,True,False,False,2014,521,1764.0,0,1
2014-12-05,15818,38.4,46.0,34.0,9.3,0.0,Friday,12,False,False,False,False,False,False,2014,522,1474.56,0,0
2014-12-06,4047,44.9,48.9,34.0,4.1,0.7,Saturday,12,False,True,False,False,False,False,2014,523,2016.0099999999998,1,1
2014-12-07,10510,39.4,48.9,34.0,15.3,1.14,Sunday,12,False,False,True,False,False,False,2014,524,1552.36,1,1
2014-12-08,15557,29.8,34.0,24.8,13.7,0.03,Monday,12,True,False,False,False,False,False,2014,525,888.0400000000001,0,1
2014-12-09,6713,38.7,45.0,25.0,18.1,0.45,Tuesday,12,False,False,False,False,True,False,2014,526,1497.6900000000003,0,1
2014-12-10,10399,38.6,45.0,32.0,14.8,2.26,Wednesday,12,False,False,False,False,False,True,2014,527,1489.96,0,1
2014-12-11,18141,34.2,37.0,30.2,14.9,0.02,Thursday,12,False,False,False,True,False,False,2014,528,1169.64,0,1
2014-12-12,17892,34.5,37.9,30.9,12.7,0.03,Friday,12,False,False,False,False,False,False,2014,529,1190.25,0,1
2014-12-13,12549,37.2,44.1,32.0,13.7,0.0,Saturday,12,False,True,False,False,False,False,2014,530,1383.8400000000001,1,0
2014-12-14,11941,40.4,45.0,35.1,11.3,0.0,Sunday,12,False,False,True,False,False,False,2014,531,1632.1599999999999,1,0
2014-12-15,19382,41.6,48.9,37.0,5.9,0.0,Monday,12,True,False,False,False,False,False,2014,532,1730.5600000000002,0,0
2014-12-16,16816,41.5,48.9,36.0,5.6,0.0,Tuesday,12,False,False,False,False,True,False,2014,533,1722.25,0,0
2014-12-17,20346,46.5,53.1,36.0,8.6,0.19,Wednesday,12,False,False,False,False,False,True,2014,534,2162.25,0,1
2014-12-18,19051,41.0,53.1,37.9,15.4,0.03,Thursday,12,False,False,False,True,False,False,2014,535,1681.0,0,1
2014-12-19,17200,36.8,43.0,33.1,13.5,0.0,Friday,12,False,False,False,False,False,False,2014,536,1354.2399999999998,0,0
2014-12-20,9582,31.9,37.9,30.0,7.8,0.0,Saturday,12,False,True,False,False,False,False,2014,537,1017.6099999999999,1,0
2014-12-21,8747,33.1,36.0,30.0,5.7,0.0,Sunday,12,False,False,True,False,False,False,2014,538,1095.6100000000001,1,0
2014-12-22,13560,37.9,43.0,32.0,7.1,0.0,Monday,12,True,False,False,False,False,False,2014,539,1436.4099999999999,0,0
2014-12-23,9422,44.1,46.4,42.8,9.9,0.17,Tuesday,12,False,False,False,False,True,False,2014,540,1944.8100000000002,0,1
2014-12-24,4285,44.5,54.0,42.8,7.8,0.08,Wednesday,12,False,False,False,False,False,True,2014,541,1980.25,0,1
2014-12-25,4890,52.6,63.0,43.0,12.0,0.71,Thursday,12,False,False,False,True,False,False,2014,542,2766.76,0,1
2014-12-26,9895,45.3,63.0,39.9,9.4,0.07,Friday,12,False,False,False,False,False,False,2014,543,2052.0899999999997,0,1
2014-12-27,10247,47.4,55.0,39.9,4.6,0.0,Saturday,12,False,True,False,False,False,False,2014,544,2246.7599999999998,1,0
2014-12-28,7902,48.1,55.0,42.1,6.8,0.0,Sunday,12,False,False,True,False,False,False,2014,545,2313.61,1,0
2014-12-29,13549,41.3,52.0,37.9,10.0,0.1,Monday,12,True,False,False,False,False,False,2014,546,1705.6899999999998,0,1
2014-12-30,12196,32.6,44.1,28.9,8.0,0.0,Tuesday,12,False,False,False,False,True,False,2014,547,1062.76,0,0
2014-12-31,9739,29.4,35.1,27.0,7.8,0.0,Wednesday,12,False,False,False,False,False,True,2014,548,864.3599999999999,0,0
2015-01-01,5317,31.2,39.0,27.0,11.5,0.0,Thursday,1,False,False,False,True,False,False,2015,549,973.4399999999999,0,0
2015-01-02,11304,38.6,42.1,27.0,12.6,0.0,Friday,1,False,False,False,False,False,False,2015,550,1489.96,0,0
2015-01-03,4478,35.2,42.1,30.9,8.1,0.0,Saturday,1,False,True,False,False,False,False,2015,551,1239.0400000000002,1,0
2015-01-04,7849,45.1,57.0,30.9,8.4,0.85,Sunday,1,False,False,True,False,False,False,2015,552,2034.0100000000002,1,1
2015-01-05,14506,42.5,57.0,28.9,18.2,0.13,Monday,1,True,False,False,False,False,False,2015,553,1806.25,0,1
2015-01-06,8739,21.2,28.9,17.6,8.7,0.0,Tuesday,1,False,False,False,False,True,False,2015,554,449.44,0,0
2015-01-07,9646,21.7,25.0,15.1,14.8,0.05,Wednesday,1,False,False,False,False,False,True,2015,555,470.89,0,1
2015-01-08,8779,13.2,25.0,8.1,14.6,0.0,Thursday,1,False,False,False,True,False,False,2015,556,174.23999999999998,0,0
2015-01-09,7930,24.0,33.1,8.1,13.3,0.0,Friday,1,False,False,False,False,False,False,2015,557,576.0,0,0
2015-01-10,6109,21.7,33.1,17.1,13.3,0.06,Saturday,1,False,True,False,False,False,False,2015,558,470.89,1,1
2015-01-11,7467,24.8,37.0,17.1,8.5,0.0,Sunday,1,False,False,True,False,False,False,2015,559,615.0400000000001,1,0
2015-01-12,8645,36.0,37.9,19.0,5.6,0.0,Monday,1,True,False,False,False,False,False,2015,560,1296.0,0,0
2015-01-13,12797,30.2,39.0,19.0,12.1,0.39,Tuesday,1,False,False,False,False,True,False,2015,561,912.04,0,1
2015-01-14,13086,22.0,36.0,17.1,9.1,0.0,Wednesday,1,False,False,False,False,False,True,2015,562,484.0,0,0
2015-01-15,14075,29.5,34.0,17.1,7.6,0.0,Thursday,1,False,False,False,True,False,False,2015,563,870.25,0,0
2015-01-16,13843,34.0,42.1,25.0,13.0,0.0,Friday,1,False,False,False,False,False,False,2015,564,1156.0,0,0
2015-01-17,7491,22.3,42.1,17.1,11.8,0.0,Saturday,1,False,True,False,False,False,False,2015,565,497.29,1,0
2015-01-18,1795,32.7,41.0,17.1,4.6,0.0,Sunday,1,False,False,True,False,False,False,2015,566,1069.2900000000002,1,0
2015-01-19,10710,39.4,43.0,28.9,12.3,1.98,Monday,1,True,False,False,False,False,False,2015,567,1552.36,0,1
2015-01-20,16129,37.2,42.1,34.0,9.6,0.0,Tuesday,1,False,False,False,False,True,False,2015,568,1383.8400000000001,0,0
2015-01-21,15234,30.5,39.9,25.0,7.0,0.0,Wednesday,1,False,False,False,False,False,True,2015,569,930.25,0,0
2015-01-22,15864,34.0,39.0,25.0,5.3,0.0,Thursday,1,False,False,False,True,False,False,2015,570,1156.0,0,0
2015-01-23,15737,32.4,39.0,28.0,9.9,0.0,Friday,1,False,False,False,False,False,False,2015,571,1049.76,0,0
2015-01-24,4814,35.1,39.9,28.0,8.3,0.66,Saturday,1,False,True,False,False,False,False,2015,572,1232.01,1,1
2015-01-25,9379,37.6,42.1,32.0,12.8,0.07,Sunday,1,False,False,True,False,False,False,2015,573,1413.7600000000002,1,1
2015-01-26,4141,26.6,35.1,21.2,14.7,0.0,Monday,1,True,False,False,False,False,False,2015,574,707.5600000000001,0,0
2015-01-27,1214,24.4,30.0,19.9,14.9,0.45,Tuesday,1,False,False,False,False,True,False,2015,575,595.3599999999999,0,1
2015-01-28,5401,23.5,34.0,17.1,11.7,0.01,Wednesday,1,False,False,False,False,False,True,2015,576,552.25,0,1
2015-01-29,8870,26.3,34.0,17.1,6.1,0.0,Thursday,1,False,False,False,True,False,False,2015,577,691.69,0,0
2015-01-30,9015,33.9,37.0,21.0,10.8,0.07,Friday,1,False,False,False,False,False,False,2015,578,1149.2099999999998,0,1
2015-01-31,5188,20.4,37.0,12.9,21.5,0.01,Saturday,1,False,True,False,False,False,False,2015,579,416.15999999999997,1,1
2015-02-01,6441,27.5,36.0,12.9,8.8,0.0,Sunday,2,False,False,True,False,False,False,2015,580,756.25,1,0
2015-02-02,1459,29.6,36.0,19.9,11.2,0.84,Monday,2,True,False,False,False,False,False,2015,581,876.1600000000001,0,1
2015-02-03,4754,19.3,33.1,14.0,13.4,0.26,Tuesday,2,False,False,False,False,True,False,2015,582,372.49,0,1
2015-02-04,8973,30.0,39.9,14.0,5.6,0.0,Wednesday,2,False,False,False,False,False,True,2015,583,900.0,0,0
2015-02-05,9208,33.2,41.0,21.0,12.1,0.0,Thursday,2,False,False,False,True,False,False,2015,584,1102.2400000000002,0,0
2015-02-06,8575,18.1,39.9,12.0,13.3,0.0,Friday,2,False,False,False,False,False,False,2015,585,327.61000000000007,0,0
2015-02-07,6790,29.0,36.0,12.0,7.1,0.0,Saturday,2,False,True,False,False,False,False,2015,586,841.0,1,0
2015-02-08,6662,33.0,36.0,26.1,8.9,0.01,Sunday,2,False,False,True,False,False,False,2015,587,1089.0,1,1
2015-02-09,5160,28.9,35.6,25.9,15.3,0.03,Monday,2,True,False,False,False,False,False,2015,588,835.2099999999999,0,1
2015-02-10,10328,29.9,39.0,26.1,11.0,0.04,Tuesday,2,False,False,False,False,True,False,2015,589,894.0099999999999,0,1
2015-02-11,11439,28.4,39.0,21.9,9.3,0.0,Wednesday,2,False,False,False,False,False,True,2015,590,806.56,0,0
2015-02-12,11269,32.3,39.9,21.9,6.9,0.0,Thursday,2,False,False,False,True,False,False,2015,591,1043.2899999999997,0,0
2015-02-13,7642,17.6,39.9,9.0,18.2,0.0,Friday,2,False,False,False,False,False,False,2015,592,309.76000000000005,0,0
2015-02-14,4614,22.9,32.0,9.0,7.1,0.0,Saturday,2,False,True,False,False,False,False,2015,593,524.41,1,0
2015-02-15,2581,20.5,32.0,10.9,19.7,0.01,Sunday,2,False,False,True,False,False,False,2015,594,420.25,1,1
2015-02-16,3998,10.2,26.1,3.9,15.4,0.0,Monday,2,True,False,False,False,False,False,2015,595,104.03999999999999,0,0
2015-02-17,4784,19.4,28.0,3.9,6.6,0.11,Tuesday,2,False,False,False,False,True,False,2015,596,376.35999999999996,0,1
2015-02-18,9170,24.2,30.9,14.0,5.0,0.02,Wednesday,2,False,False,False,False,False,True,2015,597,585.64,0,1
2015-02-19,7799,22.0,30.9,15.1,14.9,0.0,Thursday,2,False,False,False,True,False,False,2015,598,484.0,0,0
2015-02-20,6159,10.9,27.0,3.0,18.2,0.0,Friday,2,False,False,False,False,False,False,2015,599,118.81,0,0
2015-02-21,3157,20.1,28.9,3.0,8.0,0.01,Saturday,2,False,True,False,False,False,False,2015,600,404.01000000000005,1,1
2015-02-22,4274,34.1,42.1,14.0,3.7,0.71,Sunday,2,False,False,True,False,False,False,2015,601,1162.8100000000002,1,1
2015-02-23,7458,29.3,42.1,16.0,14.0,0.11,Monday,2,True,False,False,False,False,False,2015,602,858.49,0,1
2015-02-24,7402,12.4,37.9,6.1,9.9,0.0,Tuesday,2,False,False,False,False,True,False,2015,603,153.76000000000002,0,0
2015-02-25,10751,27.7,37.9,6.1,8.7,0.0,Wednesday,2,False,False,False,False,False,True,2015,604,767.29,0,0
2015-02-26,9901,26.9,37.9,21.0,9.3,0.0,Thursday,2,False,False,False,True,False,False,2015,605,723.6099999999999,0,0
2015-02-27,9864,23.7,32.0,19.0,7.3,0.0,Friday,2,False,False,False,False,False,False,2015,606,561.6899999999999,0,0
2015-02-28,6318,22.1,30.0,15.1,7.2,0.0,Saturday,2,False,True,False,False,False,False,2015,607,488.4100000000001,1,0
2015-03-01,2879,26.7,30.0,15.1,4.4,0.0,Sunday,3,False,False,True,False,False,False,2015,608,712.89,1,0
2015-03-02,7283,32.2,37.9,24.1,9.0,0.48,Monday,3,True,False,False,False,False,False,2015,609,1036.8400000000001,0,1
2015-03-03,6533,28.4,37.9,24.1,9.8,0.0,Tuesday,3,False,False,False,False,True,False,2015,610,806.56,0,0
2015-03-04,7514,38.9,46.9,24.1,8.0,0.73,Wednesday,3,False,False,False,False,False,True,2015,611,1513.2099999999998,0,1
2015-03-05,1637,32.9,44.1,21.2,8.6,0.46,Thursday,3,False,False,False,True,False,False,2015,612,1082.4099999999999,0,1
2015-03-06,5162,21.0,41.0,15.1,7.1,0.38,Friday,3,False,False,False,False,False,False,2015,613,441.0,0,1
2015-03-07,5590,26.8,37.9,15.1,9.3,0.0,Saturday,3,False,True,False,False,False,False,2015,614,718.24,1,0
2015-03-08,7898,40.2,48.0,35.1,8.4,0.0,Sunday,3,False,False,True,False,False,False,2015,615,1616.0400000000002,1,0
2015-03-09,14878,44.9,54.0,35.1,6.5,0.02,Monday,3,True,False,False,False,False,False,2015,616,2016.0099999999998,0,1
2015-03-10,11781,40.7,54.0,33.1,4.6,0.11,Tuesday,3,False,False,False,False,True,False,2015,617,1656.4900000000002,0,1
2015-03-11,19561,46.4,60.1,33.1,7.5,0.44,Wednesday,3,False,False,False,False,False,True,2015,618,2152.96,0,1
2015-03-12,17530,45.3,60.1,37.0,16.4,0.02,Thursday,3,False,False,False,True,False,False,2015,619,2052.0899999999997,0,1
2015-03-13,16145,37.1,46.9,30.9,8.4,0.0,Friday,3,False,False,False,False,False,False,2015,620,1376.41,0,0
2015-03-14,3906,43.6,51.8,37.4,7.1,0.21,Saturday,3,False,True,False,False,False,False,2015,621,1900.96,1,1
2015-03-15,8838,44.1,51.1,37.0,14.0,0.81,Sunday,3,False,False,True,False,False,False,2015,622,1944.8100000000002,1,1
2015-03-16,16787,40.2,51.1,36.0,9.3,0.0,Monday,3,True,False,False,False,False,False,2015,623,1616.0400000000002,0,0
2015-03-17,14857,47.9,54.0,36.0,10.6,0.0,Tuesday,3,False,False,False,False,True,False,2015,624,2294.41,0,0
2015-03-18,13842,33.7,37.9,28.9,19.6,0.01,Wednesday,3,False,False,False,False,False,True,2015,625,1135.6900000000003,0,1
2015-03-19,15446,33.5,42.1,28.0,10.7,0.0,Thursday,3,False,False,False,True,False,False,2015,626,1122.25,0,0
2015-03-20,8052,34.4,42.1,28.9,8.4,0.0,Friday,3,False,False,False,False,False,False,2015,627,1183.36,0,0
2015-03-21,9338,34.9,46.9,28.9,7.1,0.29,Saturday,3,False,True,False,False,False,False,2015,628,1218.01,1,1
2015-03-22,9676,39.9,48.0,28.9,13.8,0.01,Sunday,3,False,False,True,False,False,False,2015,629,1592.01,1,1
2015-03-23,13538,30.5,44.1,24.1,12.3,0.0,Monday,3,True,False,False,False,False,False,2015,630,930.25,0,0
2015-03-24,16166,33.6,44.1,24.1,7.4,0.0,Tuesday,3,False,False,False,False,True,False,2015,631,1128.96,0,0
2015-03-25,14670,39.1,48.0,26.1,5.7,0.0,Wednesday,3,False,False,False,False,False,True,2015,632,1528.8100000000002,0,0
2015-03-26,14954,45.2,57.0,32.0,4.4,0.05,Thursday,3,False,False,False,True,False,False,2015,633,2043.0400000000002,0,1
2015-03-27,14107,44.9,57.0,37.9,7.7,0.52,Friday,3,False,False,False,False,False,False,2015,634,2016.0099999999998,0,1
2015-03-28,1107,37.6,46.0,33.1,10.7,0.28,Saturday,3,False,True,False,False,False,False,2015,635,1413.7600000000002,1,1
2015-03-29,9826,33.5,46.0,27.0,10.3,0.0,Sunday,3,False,False,True,False,False,False,2015,636,1122.25,1,0
2015-03-30,18075,42.2,55.0,27.0,10.8,0.0,Monday,3,True,False,False,False,False,False,2015,637,1780.8400000000001,0,0
2015-03-31,14250,42.8,55.0,34.0,9.6,0.0,Tuesday,3,False,False,False,False,True,False,2015,638,1831.8399999999997,0,0
2015-04-01,20146,39.8,51.1,34.0,8.5,0.14,Wednesday,4,False,False,False,False,False,True,2015,639,1584.0399999999997,0,1
2015-04-02,24227,49.9,63.0,34.0,8.4,0.0,Thursday,4,False,False,False,True,False,False,2015,640,2490.0099999999998,0,0
2015-04-03,14774,59.2,63.0,39.0,9.5,0.0,Friday,4,False,False,False,False,False,False,2015,641,3504.6400000000003,0,0
2015-04-04,14355,52.0,63.0,46.9,14.3,0.04,Saturday,4,False,True,False,False,False,False,2015,642,2704.0,1,1
2015-04-05,13799,50.1,62.1,43.0,11.2,0.0,Sunday,4,False,False,True,False,False,False,2015,643,2510.01,1,0
2015-04-06,23391,46.7,62.1,39.0,7.8,0.0,Monday,4,True,False,False,False,False,False,2015,644,2180.8900000000003,0,0
2015-04-07,16262,50.6,60.1,39.0,7.7,0.01,Tuesday,4,False,False,False,False,True,False,2015,645,2560.36,0,1
2015-04-08,17872,43.0,57.0,39.9,12.3,0.16,Wednesday,4,False,False,False,False,False,True,2015,646,1849.0,0,1
2015-04-09,16546,39.3,46.0,37.0,12.4,0.0,Thursday,4,False,False,False,True,False,False,2015,647,1544.4899999999998,0,0
2015-04-10,16317,43.0,57.2,39.2,6.9,0.25,Friday,4,False,False,False,False,False,False,2015,648,1849.0,0,1
2015-04-11,18643,55.3,57.2,51.1,14.7,0.24,Saturday,4,False,True,False,False,False,False,2015,649,3058.0899999999997,1,1
2015-04-12,19954,51.3,64.9,44.1,7.6,0.0,Sunday,4,False,False,True,False,False,False,2015,650,2631.6899999999996,1,0
2015-04-13,24925,55.6,64.9,44.1,8.0,0.0,Monday,4,True,False,False,False,False,False,2015,651,3091.36,0,0
2015-04-14,22703,59.3,64.9,46.9,7.0,0.0,Tuesday,4,False,False,False,False,True,False,2015,652,3516.49,0,0
2015-04-15,27594,59.1,70.0,51.1,7.4,0.0,Wednesday,4,False,False,False,False,False,True,2015,653,3492.81,0,0
2015-04-16,27180,56.5,70.0,46.9,7.4,0.0,Thursday,4,False,False,False,True,False,False,2015,654,3192.25,0,0
2015-04-17,24175,59.7,71.1,46.9,9.0,0.08,Friday,4,False,False,False,False,False,False,2015,655,3564.09,0,1
2015-04-18,28174,66.0,79.0,54.0,5.7,0.0,Saturday,4,False,True,False,False,False,False,2015,656,4356.0,1,0
2015-04-19,21475,57.6,79.0,50.0,8.8,0.0,Sunday,4,False,False,True,False,False,False,2015,657,3317.76,1,0
2015-04-20,11202,50.6,61.0,45.0,13.2,0.0,Monday,4,True,False,False,False,False,False,2015,658,2560.36,0,0
2015-04-21,24868,57.4,66.9,45.0,9.0,0.95,Tuesday,4,False,False,False,False,True,False,2015,659,3294.7599999999998,0,1
2015-04-22,21997,58.8,66.9,50.0,8.9,0.07,Wednesday,4,False,False,False,False,False,True,2015,660,3457.4399999999996,0,1
2015-04-23,22074,47.4,66.9,42.1,13.5,0.1,Thursday,4,False,False,False,True,False,False,2015,661,2246.7599999999998,0,1
2015-04-24,20981,43.4,50.0,39.0,16.1,0.0,Friday,4,False,False,False,False,False,False,2015,662,1883.56,0,0
2015-04-25,21082,46.1,60.1,39.0,11.8,0.0,Saturday,4,False,True,False,False,False,False,2015,663,2125.21,1,0
2015-04-26,21594,52.0,61.0,39.0,5.2,0.0,Sunday,4,False,False,True,False,False,False,2015,664,2704.0,1,0
2015-04-27,25501,53.8,61.0,45.0,9.9,0.0,Monday,4,True,False,False,False,False,False,2015,665,2894.4399999999996,0,0
2015-04-28,29795,57.2,72.0,48.9,11.5,0.0,Tuesday,4,False,False,False,False,True,False,2015,666,3271.84,0,0
2015-04-29,31532,64.2,75.9,51.1,8.8,0.0,Wednesday,4,False,False,False,False,False,True,2015,667,4121.64,0,0
2015-04-30,29252,52.4,75.9,46.9,13.1,0.0,Thursday,4,False,False,False,True,False,False,2015,668,2745.7599999999998,0,0
2015-05-01,27924,52.6,64.0,46.9,7.6,0.0,Friday,5,False,False,False,False,False,False,2015,669,2766.76,0,0
2015-05-02,25743,53.9,69.1,48.0,4.7,0.0,Saturday,5,False,True,False,False,False,False,2015,670,2905.21,1,0
2015-05-03,27694,59.5,75.9,48.0,6.4,0.0,Sunday,5,False,False,True,False,False,False,2015,671,3540.25,1,0
2015-05-04,32066,66.5,82.0,51.1,7.1,0.0,Monday,5,True,False,False,False,False,False,2015,672,4422.25,0,0
2015-05-05,33012,72.7,82.0,54.0,7.5,0.0,Tuesday,5,False,False,False,False,True,False,2015,673,5285.29,0,0
2015-05-06,30313,65.3,81.0,59.0,6.4,0.0,Wednesday,5,False,False,False,False,False,True,2015,674,4264.089999999999,0,0
2015-05-07,34871,64.6,75.9,52.0,5.2,0.0,Thursday,5,False,False,False,True,False,False,2015,675,4173.159999999999,0,0
2015-05-08,34304,64.2,79.0,52.0,6.3,0.0,Friday,5,False,False,False,False,False,False,2015,676,4121.64,0,0
2015-05-09,24329,58.0,79.0,53.1,8.4,0.0,Saturday,5,False,True,False,False,False,False,2015,677,3364.0,1,0
2015-05-10,26573,66.3,82.0,53.1,6.0,0.01,Sunday,5,False,False,True,False,False,False,2015,678,4395.69,1,1
2015-05-11,32382,74.4,82.9,57.0,9.4,0.0,Monday,5,True,False,False,False,False,False,2015,679,5535.360000000001,0,0
2015-05-12,35225,74.9,87.1,64.0,9.1,0.0,Tuesday,5,False,False,False,False,True,False,2015,680,5610.010000000001,0,0
2015-05-13,33402,65.1,87.1,57.9,15.3,0.0,Wednesday,5,False,False,False,False,False,True,2015,681,4238.009999999999,0,0
2015-05-14,40826,59.7,72.0,52.0,8.5,0.0,Thursday,5,False,False,False,True,False,False,2015,682,3564.09,0,0
2015-05-15,34945,63.2,73.9,52.0,7.6,0.0,Friday,5,False,False,False,False,False,False,2015,683,3994.2400000000002,0,0
2015-05-16,23882,65.2,75.0,55.9,6.5,0.01,Saturday,5,False,True,False,False,False,False,2015,684,4251.04,1,1
2015-05-17,30969,70.4,82.9,57.0,3.2,0.28,Sunday,5,False,False,True,False,False,False,2015,685,4956.160000000001,1,1
2015-05-18,31559,63.6,75.9,55.4,7.5,0.02,Monday,5,True,False,False,False,False,False,2015,686,4044.96,0,1
2015-05-19,33895,61.6,82.0,55.0,6.2,0.01,Tuesday,5,False,False,False,False,True,False,2015,687,3794.5600000000004,0,1
2015-05-20,33823,62.0,82.0,55.0,13.2,0.0,Wednesday,5,False,False,False,False,False,True,2015,688,3844.0,0,0
2015-05-21,31214,57.1,66.0,53.1,7.0,0.0,Thursday,5,False,False,False,True,False,False,2015,689,3260.4100000000003,0,0
2015-05-22,31891,61.8,75.0,53.1,9.9,0.0,Friday,5,False,False,False,False,False,False,2015,690,3819.24,0,0
2015-05-23,23910,59.3,75.0,50.0,11.5,0.0,Saturday,5,False,True,False,False,False,False,2015,691,3516.49,1,0
2015-05-24,25151,65.7,81.0,50.0,8.7,0.0,Sunday,5,False,False,True,False,False,False,2015,692,4316.490000000001,1,0
2015-05-25,28164,72.5,82.9,55.9,8.8,0.0,Monday,5,True,False,False,False,False,False,2015,693,5256.25,0,0
2015-05-26,35786,75.2,86.0,64.9,10.3,0.0,Tuesday,5,False,False,False,False,True,False,2015,694,5655.040000000001,0,0
2015-05-27,33710,73.5,86.0,66.9,9.9,0.0,Wednesday,5,False,False,False,False,False,True,2015,695,5402.25,0,0
2015-05-28,35934,73.4,84.0,66.9,7.0,0.02,Thursday,5,False,False,False,True,False,False,2015,696,5387.56,0,1
2015-05-29,37756,73.0,84.0,64.0,7.2,0.0,Friday,5,False,False,False,False,False,False,2015,697,5329.0,0,0
2015-05-30,31147,73.1,82.9,64.0,9.8,0.0,Saturday,5,False,True,False,False,False,False,2015,698,5343.609999999999,1,0
2015-05-31,19586,74.6,86.0,66.0,9.6,0.0,Sunday,5,False,False,True,False,False,False,2015,699,5565.159999999999,1,0
2015-06-01,15283,57.4,86.0,54.0,13.8,1.69,Monday,6,True,False,False,False,False,False,2015,700,3294.7599999999998,0,1
2015-06-02,11984,52.0,57.9,50.0,10.2,0.47,Tuesday,6,False,False,False,False,True,False,2015,701,2704.0,0,1
2015-06-03,34590,58.2,69.1,50.0,7.3,0.24,Wednesday,6,False,False,False,False,False,True,2015,702,3387.2400000000002,0,1
2015-06-04,32772,58.1,69.1,53.1,9.4,0.0,Thursday,6,False,False,False,True,False,False,2015,703,3375.61,0,0
2015-06-05,31294,59.5,68.0,54.0,6.5,0.0,Friday,6,False,False,False,False,False,False,2015,704,3540.25,0,0
2015-06-06,26334,65.7,73.9,55.9,7.3,0.55,Saturday,6,False,True,False,False,False,False,2015,705,4316.490000000001,1,1
2015-06-07,30773,65.3,73.9,57.0,7.6,0.0,Sunday,6,False,False,True,False,False,False,2015,706,4264.089999999999,1,0
2015-06-08,33585,67.5,77.0,57.0,11.6,0.0,Monday,6,True,False,False,False,False,False,2015,707,4556.25,0,0
2015-06-09,35412,73.3,84.9,62.1,10.1,0.05,Tuesday,6,False,False,False,False,True,False,2015,708,5372.889999999999,0,1
2015-06-10,39350,74.2,84.9,66.0,8.2,0.01,Wednesday,6,False,False,False,False,False,True,2015,709,5505.64,0,1
2015-06-11,37400,80.2,91.9,66.0,8.8,0.0,Thursday,6,False,False,False,True,False,False,2015,710,6432.040000000001,0,0
2015-06-12,35136,80.7,91.9,71.1,7.7,0.0,Friday,6,False,False,False,False,False,False,2015,711,6512.490000000001,0,0
2015-06-13,29980,80.5,88.0,71.1,10.1,0.0,Saturday,6,False,True,False,False,False,False,2015,712,6480.25,1,0
2015-06-14,28184,77.0,87.1,68.0,6.3,0.0,Sunday,6,False,False,True,False,False,False,2015,713,5929.0,1,0
2015-06-15,25087,70.3,79.0,62.6,9.0,0.79,Monday,6,True,False,False,False,False,False,2015,714,4942.089999999999,0,1
2015-06-16,32147,68.1,79.0,62.6,7.1,0.02,Tuesday,6,False,False,False,False,True,False,2015,715,4637.61,0,1
2015-06-17,38030,73.9,79.0,64.0,8.3,0.34,Wednesday,6,False,False,False,False,False,True,2015,716,5461.210000000001,0,1
2015-06-18,35464,66.8,69.8,64.4,7.5,0.0,Thursday,6,False,False,False,True,False,False,2015,717,4462.24,0,0
2015-06-19,37380,73.2,84.9,64.9,6.0,0.0,Friday,6,False,False,False,False,False,False,2015,718,5358.240000000001,0,0
2015-06-20,23580,69.5,84.9,64.0,8.3,0.0,Saturday,6,False,True,False,False,False,False,2015,719,4830.25,1,0
2015-06-21,25926,75.0,90.0,64.0,9.4,0.25,Sunday,6,False,False,True,False,False,False,2015,720,5625.0,1,1
2015-06-22,37677,79.6,90.0,69.1,10.1,0.29,Monday,6,True,False,False,False,False,False,2015,721,6336.159999999999,0,1
2015-06-23,32294,84.4,91.9,72.0,10.3,0.0,Tuesday,6,False,False,False,False,True,False,2015,722,7123.360000000001,0,0
2015-06-24,41070,77.1,91.9,69.1,10.1,0.07,Wednesday,6,False,False,False,False,False,True,2015,723,5944.409999999999,0,1
2015-06-25,39673,76.8,84.9,69.1,6.0,0.0,Thursday,6,False,False,False,True,False,False,2015,724,5898.24,0,0
2015-06-26,38614,74.8,84.9,69.1,7.7,0.0,Friday,6,False,False,False,False,False,False,2015,725,5595.04,0,0
2015-06-27,15485,69.0,80.1,62.1,8.5,0.0,Saturday,6,False,True,False,False,False,False,2015,726,4761.0,1,0
2015-06-28,20591,64.2,73.9,60.1,12.4,1.32,Sunday,6,False,False,True,False,False,False,2015,727,4121.64,1,1
2015-06-29,38037,71.3,78.1,62.1,10.1,0.26,Monday,6,True,False,False,False,False,False,2015,728,5083.69,0,1
2015-06-30,38087,75.3,82.0,64.0,9.5,0.0,Tuesday,6,False,False,False,False,True,False,2015,729,5670.089999999999,0,0
2015-07-01,37539,76.4,84.9,70.0,9.7,0.35,Wednesday,7,False,False,False,False,False,True,2015,730,5836.960000000001,0,1
2015-07-02,35559,75.7,84.9,70.0,6.4,0.0,Thursday,7,False,False,False,True,False,False,2015,731,5730.490000000001,0,0
2015-07-03,26928,73.5,81.0,66.9,4.8,0.0,Friday,7,False,False,False,False,False,False,2015,732,5402.25,0,0
2015-07-04,21706,71.8,81.0,66.9,6.9,0.0,Saturday,7,False,True,False,False,False,False,2015,733,5155.24,1,0
2015-07-05,25920,75.1,84.9,69.1,4.6,0.0,Sunday,7,False,False,True,False,False,False,2015,734,5640.009999999999,1,0
2015-07-06,35251,77.1,84.9,70.0,6.2,0.0,Monday,7,True,False,False,False,False,False,2015,735,5944.409999999999,0,0
2015-07-07,36837,79.5,88.0,71.1,9.2,0.0,Tuesday,7,False,False,False,False,True,False,2015,736,6320.25,0,0
2015-07-08,35047,82.0,89.1,75.0,7.7,0.0,Wednesday,7,False,False,False,False,False,True,2015,737,6724.0,0,0
2015-07-09,31978,73.8,89.1,68.0,6.4,0.09,Thursday,7,False,False,False,True,False,False,2015,738,5446.44,0,1
2015-07-10,38559,75.8,84.0,68.0,9.4,0.29,Friday,7,False,False,False,False,False,False,2015,739,5745.639999999999,0,1
2015-07-11,31719,78.6,86.0,72.0,3.8,0.0,Saturday,7,False,True,False,False,False,False,2015,740,6177.959999999999,1,0
2015-07-12,31037,81.1,89.1,72.0,4.9,0.0,Sunday,7,False,False,True,False,False,False,2015,741,6577.209999999999,1,0
2015-07-13,38485,80.4,89.1,73.0,6.9,0.0,Monday,7,True,False,False,False,False,False,2015,742,6464.160000000001,0,0
2015-07-14,35802,76.1,84.9,71.1,6.8,0.0,Tuesday,7,False,False,False,False,True,False,2015,743,5791.209999999999,0,0
2015-07-15,34979,75.9,81.0,71.1,6.5,0.95,Wednesday,7,False,False,False,False,False,True,2015,744,5760.810000000001,0,1
2015-07-16,42356,72.1,81.0,64.0,8.7,0.01,Thursday,7,False,False,False,True,False,False,2015,745,5198.409999999999,0,1
2015-07-17,39595,73.5,80.1,64.0,9.0,0.0,Friday,7,False,False,False,False,False,False,2015,746,5402.25,0,0
2015-07-18,28870,76.3,86.0,68.0,9.5,0.0,Saturday,7,False,True,False,False,False,False,2015,747,5821.69,1,0
2015-07-19,28531,84.3,93.9,72.0,5.9,0.18,Sunday,7,False,False,True,False,False,False,2015,748,7106.49,1,1
2015-07-20,34889,89.1,95.0,78.1,7.1,0.0,Monday,7,True,False,False,False,False,False,2015,749,7938.809999999999,0,0
2015-07-21,38499,86.0,95.0,80.1,6.3,0.0,Tuesday,7,False,False,False,False,True,False,2015,750,7396.0,0,0
2015-07-22,42557,77.1,91.9,71.1,11.8,0.0,Wednesday,7,False,False,False,False,False,True,2015,751,5944.409999999999,0,0
2015-07-23,42175,77.1,86.0,71.1,9.2,0.0,Thursday,7,False,False,False,True,False,False,2015,752,5944.409999999999,0,0
2015-07-24,40330,78.2,84.9,71.1,5.4,0.0,Friday,7,False,False,False,False,False,False,2015,753,6115.240000000001,0,0
2015-07-25,31639,78.1,84.9,71.1,6.3,0.0,Saturday,7,False,True,False,False,False,False,2015,754,6099.609999999999,1,0
2015-07-26,30543,79.8,89.1,71.1,9.6,0.0,Sunday,7,False,False,True,False,False,False,2015,755,6368.04,1,0
2015-07-27,38747,79.9,89.1,75.0,8.6,0.05,Monday,7,True,False,False,False,False,False,2015,756,6384.010000000001,0,1
2015-07-28,40434,82.8,93.9,75.9,5.0,0.0,Tuesday,7,False,False,False,False,True,False,2015,757,6855.839999999999,0,0
2015-07-29,39428,86.3,95.0,75.9,5.8,0.0,Wednesday,7,False,False,False,False,False,True,2015,758,7447.69,0,0
2015-07-30,31166,82.1,95.0,75.0,8.8,0.0,Thursday,7,False,False,False,True,False,False,2015,759,6740.409999999999,0,0
2015-07-31,38571,81.1,91.0,73.9,6.8,1.62,Friday,7,False,False,False,False,False,False,2015,760,6577.209999999999,0,1
2015-08-01,35179,83.7,91.0,73.9,7.8,0.0,Saturday,8,False,True,False,False,False,False,2015,761,7005.6900000000005,1,0
2015-08-02,31622,81.0,90.0,73.0,6.5,0.0,Sunday,8,False,False,True,False,False,False,2015,762,6561.0,1,0
2015-08-03,38888,82.5,91.9,73.0,9.1,0.0,Monday,8,True,False,False,False,False,False,2015,763,6806.25,0,0
2015-08-04,40783,83.1,91.0,69.8,9.7,0.3,Tuesday,8,False,False,False,False,True,False,2015,764,6905.609999999999,0,1
2015-08-05,41075,80.5,91.0,70.0,6.3,0.0,Wednesday,8,False,False,False,False,False,True,2015,765,6480.25,0,0
2015-08-06,42283,76.3,88.0,64.9,6.7,0.0,Thursday,8,False,False,False,True,False,False,2015,766,5821.69,0,0
2015-08-07,40999,75.8,82.0,69.1,8.3,0.0,Friday,8,False,False,False,False,False,False,2015,767,5745.639999999999,0,0
2015-08-08,38723,74.7,82.0,69.1,6.0,0.0,Saturday,8,False,True,False,False,False,False,2015,768,5580.09,1,0
2015-08-09,32716,75.7,87.1,69.1,6.8,0.0,Sunday,8,False,False,True,False,False,False,2015,769,5730.490000000001,1,0
2015-08-10,39870,74.5,84.0,70.0,8.5,0.0,Monday,8,True,False,False,False,False,False,2015,770,5550.25,0,0
2015-08-11,25066,75.1,82.4,71.1,10.9,0.67,Tuesday,8,False,False,False,False,True,False,2015,771,5640.009999999999,0,1
2015-08-12,42994,77.3,84.9,71.1,9.4,0.51,Wednesday,8,False,False,False,False,False,True,2015,772,5975.29,0,1
2015-08-13,42170,75.7,84.9,69.1,7.6,0.0,Thursday,8,False,False,False,True,False,False,2015,773,5730.490000000001,0,0
2015-08-14,39983,78.9,88.0,69.1,5.2,0.0,Friday,8,False,False,False,False,False,False,2015,774,6225.210000000001,0,0
2015-08-15,37821,81.4,91.9,71.1,6.5,0.0,Saturday,8,False,True,False,False,False,False,2015,775,6625.960000000001,1,0
2015-08-16,30344,82.8,91.9,73.9,4.9,0.0,Sunday,8,False,False,True,False,False,False,2015,776,6855.839999999999,1,0
2015-08-17,37449,84.7,93.0,77.0,4.8,0.0,Monday,8,True,False,False,False,False,False,2015,777,7174.09,0,0
2015-08-18,39916,83.4,93.0,77.0,8.5,0.0,Tuesday,8,False,False,False,False,True,False,2015,778,6955.560000000001,0,0
2015-08-19,40726,80.2,89.1,75.9,9.6,0.0,Wednesday,8,False,False,False,False,False,True,2015,779,6432.040000000001,0,0
2015-08-20,39280,81.0,87.1,75.9,11.0,0.0,Thursday,8,False,False,False,True,False,False,2015,780,6561.0,0,0
2015-08-21,38038,78.7,87.1,71.1,9.1,0.32,Friday,8,False,False,False,False,False,False,2015,781,6193.6900000000005,0,1
2015-08-22,34277,76.6,86.0,70.0,6.8,0.0,Saturday,8,False,True,False,False,False,False,2015,782,5867.5599999999995,1,0
2015-08-23,33071,75.8,84.0,70.0,5.9,0.0,Sunday,8,False,False,True,False,False,False,2015,783,5745.639999999999,1,0
2015-08-24,38943,78.5,86.0,71.1,5.5,0.0,Monday,8,True,False,False,False,False,False,2015,784,6162.25,0,0
2015-08-25,41655,80.6,88.0,73.0,8.3,0.0,Tuesday,8,False,False,False,False,True,False,2015,785,6496.359999999999,0,0
2015-08-26,42832,76.9,88.0,69.1,9.3,0.0,Wednesday,8,False,False,False,False,False,True,2015,786,5913.610000000001,0,0
2015-08-27,43173,74.2,82.9,68.0,9.0,0.0,Thursday,8,False,False,False,True,False,False,2015,787,5505.64,0,0
2015-08-28,41755,73.1,82.9,66.0,5.3,0.0,Friday,8,False,False,False,False,False,False,2015,788,5343.609999999999,0,0
2015-08-29,34381,76.8,84.9,66.0,5.3,0.0,Saturday,8,False,True,False,False,False,False,2015,789,5898.24,1,0
2015-08-30,32913,79.1,90.0,70.0,7.4,0.0,Sunday,8,False,False,True,False,False,False,2015,790,6256.8099999999995,1,0
2015-08-31,40119,82.7,91.9,72.0,7.5,0.08,Monday,8,True,False,False,False,False,False,2015,791,6839.290000000001,0,1
2015-09-01,43291,82.6,91.9,75.9,6.3,0.0,Tuesday,9,False,False,False,False,True,False,2015,792,6822.759999999999,0,0
2015-09-02,43225,80.2,88.0,75.0,5.6,0.0,Wednesday,9,False,False,False,False,False,True,2015,793,6432.040000000001,0,0
2015-09-03,42879,82.6,93.0,75.0,4.9,0.0,Thursday,9,False,False,False,True,False,False,2015,794,6822.759999999999,0,0
2015-09-04,39956,80.3,93.0,75.0,8.6,0.0,Friday,9,False,False,False,False,False,False,2015,795,6448.089999999999,0,0
2015-09-05,34005,72.9,84.0,66.9,8.7,0.0,Saturday,9,False,True,False,False,False,False,2015,796,5314.410000000001,1,0
2015-09-06,33199,73.9,84.0,66.9,5.1,0.0,Sunday,9,False,False,True,False,False,False,2015,797,5461.210000000001,1,0
2015-09-07,33682,77.8,90.0,66.9,7.9,0.0,Monday,9,True,False,False,False,False,False,2015,798,6052.839999999999,0,0
2015-09-08,42766,83.3,95.0,71.1,7.8,0.0,Tuesday,9,False,False,False,False,True,False,2015,799,6938.889999999999,0,0
2015-09-09,44005,81.1,88.0,75.2,10.4,0.0,Wednesday,9,False,False,False,False,False,True,2015,800,6577.209999999999,0,0
2015-09-10,22253,75.3,89.1,72.0,8.5,0.66,Thursday,9,False,False,False,True,False,False,2015,801,5670.089999999999,0,1
2015-09-11,47613,72.4,81.0,66.0,8.8,0.52,Friday,9,False,False,False,False,False,False,2015,802,5241.760000000001,0,1
2015-09-12,33661,74.6,81.0,66.0,7.2,0.0,Saturday,9,False,True,False,False,False,False,2015,803,5565.159999999999,1,0
2015-09-13,34794,72.6,79.0,68.0,8.8,0.22,Sunday,9,False,False,True,False,False,False,2015,804,5270.759999999999,1,1
2015-09-14,44668,66.6,79.0,59.0,12.8,0.05,Monday,9,True,False,False,False,False,False,2015,805,4435.5599999999995,0,1
2015-09-15,48729,73.2,84.0,59.0,6.2,0.0,Tuesday,9,False,False,False,False,True,False,2015,806,5358.240000000001,0,0
2015-09-16,51179,76.8,87.1,64.9,2.7,0.0,Wednesday,9,False,False,False,False,False,True,2015,807,5898.24,0,0
2015-09-17,50705,78.0,87.1,68.0,4.1,0.0,Thursday,9,False,False,False,True,False,False,2015,808,6084.0,0,0
2015-09-18,50285,76.9,87.1,70.0,5.0,0.0,Friday,9,False,False,False,False,False,False,2015,809,5913.610000000001,0,0
2015-09-19,43011,73.9,84.9,69.1,7.7,0.0,Saturday,9,False,True,False,False,False,False,2015,810,5461.210000000001,1,0
2015-09-20,40462,73.3,80.1,69.1,10.8,0.0,Sunday,9,False,False,True,False,False,False,2015,811,5372.889999999999,1,0
2015-09-21,47180,65.4,75.9,59.0,11.0,0.0,Monday,9,True,False,False,False,False,False,2015,812,4277.160000000001,0,0
2015-09-22,48685,66.3,73.0,59.0,10.8,0.0,Tuesday,9,False,False,False,False,True,False,2015,813,4395.69,0,0
2015-09-23,48366,67.6,79.0,59.0,6.3,0.0,Wednesday,9,False,False,False,False,False,True,2015,814,4569.759999999999,0,0
2015-09-24,52706,69.9,81.0,59.0,6.4,0.0,Thursday,9,False,False,False,True,False,False,2015,815,4886.010000000001,0,0
2015-09-25,51368,68.5,81.0,63.0,9.7,0.0,Friday,9,False,False,False,False,False,False,2015,816,4692.25,0,0
2015-09-26,42560,65.9,70.0,60.8,9.5,0.0,Saturday,9,False,True,False,False,False,False,2015,817,4342.81,1,0
2015-09-27,38285,62.2,70.0,55.9,9.1,0.0,Sunday,9,False,False,True,False,False,False,2015,818,3868.84,1,0
2015-09-28,48011,68.5,79.0,55.9,6.3,0.0,Monday,9,True,False,False,False,False,False,2015,819,4692.25,0,0
2015-09-29,48725,74.7,82.9,64.9,5.5,0.0,Tuesday,9,False,False,False,False,True,False,2015,820,5580.09,0,0
2015-09-30,39445,73.2,82.9,66.0,10.6,1.05,Wednesday,9,False,False,False,False,False,True,2015,821,5358.240000000001,0,1
2015-10-01,34719,59.4,78.1,54.0,13.6,0.06,Thursday,10,False,False,False,True,False,False,2015,822,3528.3599999999997,0,1
2015-10-02,9444,53.9,57.9,50.0,16.3,0.13,Friday,10,False,False,False,False,False,False,2015,823,2905.21,0,1
2015-10-03,16564,51.6,55.0,48.2,21.6,1.45,Saturday,10,False,True,False,False,False,False,2015,824,2662.56,1,1
2015-10-04,30214,57.1,63.0,48.9,18.2,0.02,Sunday,10,False,False,True,False,False,False,2015,825,3260.4100000000003,1,1
2015-10-05,44581,57.2,64.9,51.8,11.5,0.0,Monday,10,True,False,False,False,False,False,2015,826,3271.84,0,0
2015-10-06,49719,62.4,73.0,52.0,5.0,0.0,Tuesday,10,False,False,False,False,True,False,2015,827,3893.7599999999998,0,0
2015-10-07,50141,64.6,73.0,55.0,5.5,0.0,Wednesday,10,False,False,False,False,False,True,2015,828,4173.159999999999,0,0
2015-10-08,50179,64.2,73.0,59.0,5.9,0.0,Thursday,10,False,False,False,True,False,False,2015,829,4121.64,0,0
2015-10-09,37283,66.9,78.1,60.1,7.7,0.0,Friday,10,False,False,False,False,False,False,2015,830,4475.610000000001,0,0
2015-10-10,39345,60.0,78.1,52.0,8.1,0.5,Saturday,10,False,True,False,False,False,False,2015,831,3600.0,1,1
2015-10-11,38967,59.7,70.0,52.0,6.2,0.0,Sunday,10,False,False,True,False,False,False,2015,832,3564.09,1,0
2015-10-12,45584,64.5,75.9,53.1,6.4,0.0,Monday,10,True,False,False,False,False,False,2015,833,4160.25,0,0
2015-10-13,49047,66.1,75.9,55.9,6.8,0.0,Tuesday,10,False,False,False,False,True,False,2015,834,4369.209999999999,0,0
2015-10-14,49998,64.5,73.0,59.0,9.2,0.0,Wednesday,10,False,False,False,False,False,True,2015,835,4160.25,0,0
2015-10-15,48783,58.5,68.0,52.0,9.1,0.0,Thursday,10,False,False,False,True,False,False,2015,836,3422.25,0,0
2015-10-16,46484,59.0,64.0,52.0,10.0,0.0,Friday,10,False,False,False,False,False,False,2015,837,3481.0,0,0
2015-10-17,31809,52.9,64.0,48.0,11.6,0.0,Saturday,10,False,True,False,False,False,False,2015,838,2798.41,1,0
2015-10-18,23978,44.4,55.0,39.0,11.4,0.0,Sunday,10,False,False,True,False,False,False,2015,839,1971.36,1,0
2015-10-19,36570,43.5,53.1,37.0,8.1,0.0,Monday,10,True,False,False,False,False,False,2015,840,1892.25,0,0
2015-10-20,45376,56.0,71.1,37.0,10.5,0.0,Tuesday,10,False,False,False,False,True,False,2015,841,3136.0,0,0
2015-10-21,49121,65.5,75.9,48.9,5.9,0.0,Wednesday,10,False,False,False,False,False,True,2015,842,4290.25,0,0
2015-10-22,49604,65.0,75.9,57.0,7.2,0.0,Thursday,10,False,False,False,True,False,False,2015,843,4225.0,0,0
2015-10-23,44679,60.0,75.9,52.0,11.0,0.0,Friday,10,False,False,False,False,False,False,2015,844,3600.0,0,0
2015-10-24,31713,48.3,64.9,41.0,7.7,0.0,Saturday,10,False,True,False,False,False,False,2015,845,2332.89,1,0
2015-10-25,29289,59.3,68.0,41.0,9.1,0.01,Sunday,10,False,False,True,False,False,False,2015,846,3516.49,1,1
2015-10-26,42165,53.0,68.0,48.0,8.4,0.02,Monday,10,True,False,False,False,False,False,2015,847,2809.0,0,1
2015-10-27,44553,52.2,59.0,46.0,6.0,0.0,Tuesday,10,False,False,False,False,True,False,2015,848,2724.84,0,0
2015-10-28,20736,56.9,70.0,46.0,12.7,0.0,Wednesday,10,False,False,False,False,False,True,2015,849,3237.6099999999997,0,0
2015-10-29,45358,67.6,73.9,51.1,13.5,1.26,Thursday,10,False,False,False,True,False,False,2015,850,4569.759999999999,0,1
2015-10-30,44518,56.8,73.9,51.1,13.4,0.01,Friday,10,False,False,False,False,False,False,2015,851,3226.24,0,1
2015-10-31,31756,49.0,60.1,43.0,7.8,0.0,Saturday,10,False,True,False,False,False,False,2015,852,2401.0,1,0
2015-11-01,30622,57.3,64.9,43.0,7.1,0.0,Sunday,11,False,False,True,False,False,False,2015,853,3283.2899999999995,1,0
2015-11-02,44534,60.2,64.9,53.1,4.9,0.0,Monday,11,True,False,False,False,False,False,2015,854,3624.0400000000004,0,0
2015-11-03,49326,61.3,73.0,51.1,2.5,0.0,Tuesday,11,False,False,False,False,True,False,2015,855,3757.6899999999996,0,0
2015-11-04,49487,61.5,73.0,51.1,3.6,0.0,Wednesday,11,False,False,False,False,False,True,2015,856,3782.25,0,0
2015-11-05,43006,62.0,71.1,55.0,3.3,0.0,Thursday,11,False,False,False,True,False,False,2015,857,3844.0,0,0
2015-11-06,47162,68.3,75.0,57.0,7.5,0.0,Friday,11,False,False,False,False,False,False,2015,858,4664.889999999999,0,0
2015-11-07,35586,65.9,75.0,57.0,9.2,0.0,Saturday,11,False,True,False,False,False,False,2015,859,4342.81,1,0
2015-11-08,32317,53.5,72.0,48.0,9.9,0.0,Sunday,11,False,False,True,False,False,False,2015,860,2862.25,1,0
2015-11-09,42262,53.0,60.1,46.0,2.9,0.0,Monday,11,True,False,False,False,False,False,2015,861,2809.0,0,0
2015-11-10,21585,56.0,60.1,46.0,9.6,0.0,Tuesday,11,False,False,False,False,True,False,2015,862,3136.0,0,0
2015-11-11,37705,53.2,59.0,50.0,12.7,0.5,Wednesday,11,False,False,False,False,False,True,2015,863,2830.2400000000002,0,1
2015-11-12,37319,55.2,60.1,50.0,8.0,0.23,Thursday,11,False,False,False,True,False,False,2015,864,3047.0400000000004,0,1
2015-11-13,38970,56.8,60.1,51.1,16.1,0.01,Friday,11,False,False,False,False,False,False,2015,865,3226.24,0,1
2015-11-14,25299,47.8,59.0,45.0,16.2,0.0,Saturday,11,False,True,False,False,False,False,2015,866,2284.8399999999997,1,0
2015-11-15,25990,47.4,59.0,42.1,8.5,0.0,Sunday,11,False,False,True,False,False,False,2015,867,2246.7599999999998,1,0
2015-11-16,40916,58.8,68.0,42.1,5.7,0.0,Monday,11,True,False,False,False,False,False,2015,868,3457.4399999999996,0,0
2015-11-17,38939,49.1,68.0,41.0,10.7,0.0,Tuesday,11,False,False,False,False,True,False,2015,869,2410.81,0,0
2015-11-18,41485,50.5,59.0,41.0,7.3,0.0,Wednesday,11,False,False,False,False,False,True,2015,870,2550.25,0,0
2015-11-19,21890,59.7,64.0,45.0,11.7,0.0,Thursday,11,False,False,False,True,False,False,2015,871,3564.09,0,0
2015-11-20,38205,58.9,64.4,53.1,12.5,1.16,Friday,11,False,False,False,False,False,False,2015,872,3469.21,0,1
2015-11-21,28038,47.2,64.0,43.0,8.7,0.0,Saturday,11,False,True,False,False,False,False,2015,873,2227.84,1,0
2015-11-22,23343,52.1,55.9,43.0,7.9,0.0,Sunday,11,False,False,True,False,False,False,2015,874,2714.4100000000003,1,0
2015-11-23,30136,41.8,55.9,36.0,13.2,0.0,Monday,11,True,False,False,False,False,False,2015,875,1747.2399999999998,0,0
2015-11-24,32218,39.2,46.9,33.1,7.2,0.0,Tuesday,11,False,False,False,False,True,False,2015,876,1536.6400000000003,0,0
2015-11-25,30295,44.0,48.9,33.1,6.5,0.0,Wednesday,11,False,False,False,False,False,True,2015,877,1936.0,0,0
2015-11-26,13291,48.1,60.1,39.9,3.9,0.0,Thursday,11,False,False,False,True,False,False,2015,878,2313.61,0,0
2015-11-27,22824,55.6,64.9,41.0,5.0,0.0,Friday,11,False,False,False,False,False,False,2015,879,3091.36,0,0
2015-11-28,15830,57.2,64.9,46.9,6.8,0.0,Saturday,11,False,True,False,False,False,False,2015,880,3271.84,1,0
2015-11-29,18452,43.0,46.9,37.9,8.7,0.03,Sunday,11,False,False,True,False,False,False,2015,881,1849.0,1,1
2015-11-30,30213,39.8,46.0,33.8,10.5,0.0,Monday,11,True,False,False,False,False,False,2015,882,1584.0399999999997,0,0
2015-12-01,18399,47.1,53.6,44.1,9.6,0.13,Tuesday,12,False,False,False,False,True,False,2015,883,2218.4100000000003,0,1
2015-12-02,23782,48.1,55.4,46.0,5.1,0.24,Wednesday,12,False,False,False,False,False,True,2015,884,2313.61,0,1
2015-12-03,33917,51.4,57.2,46.9,11.5,0.1,Thursday,12,False,False,False,True,False,False,2015,885,2641.96,0,1
2015-12-04,34737,46.9,55.9,44.1,10.5,0.0,Friday,12,False,False,False,False,False,False,2015,886,2199.6099999999997,0,0
2015-12-05,26358,47.1,52.0,43.0,4.1,0.0,Saturday,12,False,True,False,False,False,False,2015,887,2218.4100000000003,1,0
2015-12-06,24943,47.1,53.1,39.9,3.6,0.0,Sunday,12,False,False,True,False,False,False,2015,888,2218.4100000000003,1,0
2015-12-07,34139,48.8,55.0,39.9,4.5,0.0,Monday,12,True,False,False,False,False,False,2015,889,2381.4399999999996,0,0
2015-12-08,35614,45.3,55.0,41.0,6.5,0.0,Tuesday,12,False,False,False,False,True,False,2015,890,2052.0899999999997,0,0
2015-12-09,35306,45.7,53.1,39.0,4.2,0.0,Wednesday,12,False,False,False,False,False,True,2015,891,2088.4900000000002,0,0
2015-12-10,39099,55.0,61.0,39.0,6.0,0.0,Thursday,12,False,False,False,True,False,False,2015,892,3025.0,0,0
2015-12-11,39060,54.3,61.0,48.9,5.4,0.0,Friday,12,False,False,False,False,False,False,2015,893,2948.49,0,0
2015-12-12,31957,59.0,66.0,48.9,3.6,0.0,Saturday,12,False,True,False,False,False,False,2015,894,3481.0,1,0
2015-12-13,32001,57.1,66.0,53.1,3.3,0.0,Sunday,12,False,False,True,False,False,False,2015,895,3260.4100000000003,1,0
2015-12-14,32518,53.7,62.1,51.1,5.6,0.0,Monday,12,True,False,False,False,False,False,2015,896,2883.6900000000005,0,0
2015-12-15,38661,60.7,64.4,55.0,12.4,0.39,Tuesday,12,False,False,False,False,True,False,2015,897,3684.4900000000002,0,1
2015-12-16,35643,50.0,64.0,45.0,10.8,0.11,Wednesday,12,False,False,False,False,False,True,2015,898,2500.0,0,1
2015-12-17,21961,53.4,59.0,48.0,6.5,0.05,Thursday,12,False,False,False,True,False,False,2015,899,2851.56,0,1
2015-12-18,30704,51.1,59.0,43.0,9.6,0.88,Friday,12,False,False,False,False,False,False,2015,900,2611.21,0,1
2015-12-19,17778,39.2,57.0,36.0,15.5,0.01,Saturday,12,False,True,False,False,False,False,2015,901,1536.6400000000003,1,1
2015-12-20,17030,39.8,44.1,36.0,12.0,0.0,Sunday,12,False,False,True,False,False,False,2015,902,1584.0399999999997,1,0
2015-12-21,29800,45.6,55.0,36.0,8.0,0.0,Monday,12,True,False,False,False,False,False,2015,903,2079.36,0,0
2015-12-22,22941,56.8,62.6,55.0,6.4,0.0,Tuesday,12,False,False,False,False,True,False,2015,904,3226.24,0,0
2015-12-23,14817,54.2,62.1,50.0,6.1,0.18,Wednesday,12,False,False,False,False,False,True,2015,905,2937.6400000000003,0,1
2015-12-24,18447,64.0,72.0,50.0,9.2,1.46,Thursday,12,False,False,False,True,False,False,2015,906,4096.0,0,1
2015-12-25,12333,60.3,72.0,54.0,2.3,0.01,Friday,12,False,False,False,False,False,False,2015,907,3636.0899999999997,0,1
2015-12-26,13914,54.5,64.0,50.0,7.7,0.03,Saturday,12,False,True,False,False,False,False,2015,908,2970.25,1,1
2015-12-27,13177,52.4,62.6,46.0,6.8,0.14,Sunday,12,False,False,True,False,False,False,2015,909,2745.7599999999998,1,1
2015-12-28,18889,44.8,62.1,39.0,11.7,0.02,Monday,12,True,False,False,False,False,False,2015,910,2007.0399999999997,0,1
2015-12-29,13347,40.2,46.9,33.8,12.7,0.37,Tuesday,12,False,False,False,False,True,False,2015,911,1616.0400000000002,0,1
2015-12-30,22477,41.8,48.0,34.0,4.8,0.13,Wednesday,12,False,False,False,False,False,True,2015,912,1747.2399999999998,0,1
2015-12-31,20376,47.0,48.2,46.0,5.7,0.17,Thursday,12,False,False,False,True,False,False,2015,913,2209.0,0,1
2016-01-01,11009,41.9,50.0,39.0,11.8,0.03,Friday,1,False,False,False,False,False,False,2016,914,1755.61,0,1
2016-01-02,14587,37.3,43.0,34.0,11.9,0.0,Saturday,1,False,True,False,False,False,False,2016,915,1391.2899999999997,1,0
2016-01-03,15499,40.0,46.9,34.0,9.9,0.0,Sunday,1,False,False,True,False,False,False,2016,916,1600.0,1,0
2016-01-04,19593,33.7,46.9,21.0,13.9,0.0,Monday,1,True,False,False,False,False,False,2016,917,1135.6900000000003,0,0
2016-01-05,18053,19.5,37.9,12.9,13.8,0.0,Tuesday,1,False,False,False,False,True,False,2016,918,380.25,0,0
2016-01-06,24569,32.2,43.0,12.9,4.2,0.0,Wednesday,1,False,False,False,False,False,True,2016,919,1036.8400000000001,0,0
2016-01-07,27773,39.0,48.0,26.1,3.7,0.0,Thursday,1,False,False,False,True,False,False,2016,920,1521.0,0,0
2016-01-08,28709,40.3,48.0,32.0,7.0,0.0,Friday,1,False,False,False,False,False,False,2016,921,1624.0899999999997,0,0
2016-01-09,20846,43.7,48.0,34.0,10.8,0.0,Saturday,1,False,True,False,False,False,False,2016,922,1909.6900000000003,1,0
2016-01-10,14275,50.9,59.0,41.0,12.7,0.63,Sunday,1,False,False,True,False,False,False,2016,923,2590.81,1,1
2016-01-11,22937,37.8,59.0,30.9,16.0,0.79,Monday,1,True,False,False,False,False,False,2016,924,1428.8399999999997,0,1
2016-01-12,25211,32.9,45.0,26.1,9.0,0.0,Tuesday,1,False,False,False,False,True,False,2016,925,1082.4099999999999,0,0
2016-01-13,21133,29.3,45.0,24.1,16.9,0.0,Wednesday,1,False,False,False,False,False,True,2016,926,858.49,0,0
2016-01-14,23780,28.7,39.0,24.1,11.0,0.0,Thursday,1,False,False,False,True,False,False,2016,927,823.6899999999999,0,0
2016-01-15,28435,40.2,52.0,24.1,4.8,0.0,Friday,1,False,False,False,False,False,False,2016,928,1616.0400000000002,0,0
2016-01-16,19178,46.3,52.0,34.0,9.6,0.24,Saturday,1,False,True,False,False,False,False,2016,929,2143.6899999999996,1,1
2016-01-17,12024,38.9,46.9,30.2,9.5,0.02,Sunday,1,False,False,True,False,False,False,2016,930,1513.2099999999998,1,1
2016-01-18,12718,29.0,44.1,24.1,15.0,0.05,Monday,1,True,False,False,False,False,False,2016,931,841.0,0,1
2016-01-19,17281,22.8,33.1,18.0,19.0,0.0,Tuesday,1,False,False,False,False,True,False,2016,932,519.84,0,0
2016-01-20,23420,32.1,37.9,18.0,13.0,0.0,Wednesday,1,False,False,False,False,False,True,2016,933,1030.41,0,0
2016-01-21,23672,32.6,37.9,28.0,10.8,0.0,Thursday,1,False,False,False,True,False,False,2016,934,1062.76,0,0
2016-01-22,20950,27.3,37.9,21.9,10.5,0.0,Friday,1,False,False,False,False,False,False,2016,935,745.2900000000001,0,0
2016-01-27,6761,44.4,48.9,35.1,10.3,0.01,Wednesday,1,False,False,False,False,False,True,2016,940,1971.36,0,1
2016-01-28,11946,37.9,48.0,28.9,5.4,0.0,Thursday,1,False,False,False,True,False,False,2016,941,1436.4099999999999,0,0
2016-01-29,16028,39.8,44.1,28.9,8.0,0.0,Friday,1,False,False,False,False,False,False,2016,942,1584.0399999999997,0,0
2016-01-30,12973,34.0,42.1,30.0,10.4,0.0,Saturday,1,False,True,False,False,False,False,2016,943,1156.0,1,0
2016-01-31,16118,42.4,55.9,30.0,6.8,0.0,Sunday,1,False,False,True,False,False,False,2016,944,1797.76,1,0
2016-02-01,24334,50.5,59.0,37.0,6.5,0.0,Monday,2,True,False,False,False,False,False,2016,945,2550.25,0,0
2016-02-02,28528,45.5,59.0,37.9,5.0,0.0,Tuesday,2,False,False,False,False,True,False,2016,946,2070.25,0,0
2016-02-03,16203,48.1,57.0,37.9,9.0,0.0,Wednesday,2,False,False,False,False,False,True,2016,947,2313.61,0,0
2016-02-04,27766,54.0,57.9,42.1,8.2,0.69,Thursday,2,False,False,False,True,False,False,2016,948,2916.0,0,1
2016-02-05,13670,39.4,57.9,32.0,13.7,0.31,Friday,2,False,False,False,False,False,False,2016,949,1552.36,0,1
2016-02-06,16933,36.0,44.1,32.0,9.3,0.05,Saturday,2,False,True,False,False,False,False,2016,950,1296.0,1,1
2016-02-07,17605,39.6,46.0,32.0,5.0,0.0,Sunday,2,False,False,True,False,False,False,2016,951,1568.16,1,0
2016-02-08,19026,36.7,39.9,30.2,13.5,0.0,Monday,2,True,False,False,False,False,False,2016,952,1346.89,0,0
2016-02-09,22741,30.2,41.0,27.0,8.3,0.06,Tuesday,2,False,False,False,False,True,False,2016,953,912.04,0,1
2016-02-10,22420,35.4,39.9,27.0,7.6,0.01,Wednesday,2,False,False,False,False,False,True,2016,954,1253.1599999999999,0,1
2016-02-11,18748,28.1,39.9,23.0,17.3,0.0,Thursday,2,False,False,False,True,False,False,2016,955,789.6100000000001,0,0
2016-02-12,16449,21.7,32.0,17.1,12.3,0.05,Friday,2,False,False,False,False,False,False,2016,956,470.89,0,1
2016-02-13,6625,21.6,27.0,10.9,17.0,0.0,Saturday,2,False,True,False,False,False,False,2016,957,466.56000000000006,1,0
2016-02-14,4653,8.3,24.1,1.0,15.8,0.0,Sunday,2,False,False,True,False,False,False,2016,958,68.89000000000001,1,0
2016-02-15,5884,19.1,30.9,1.0,6.2,0.0,Monday,2,True,False,False,False,False,False,2016,959,364.81000000000006,0,0
2016-02-16,14542,46.1,57.2,30.9,13.4,0.49,Tuesday,2,False,False,False,False,True,False,2016,960,2125.21,0,1
2016-02-17,23572,39.9,57.0,35.1,12.6,0.8,Wednesday,2,False,False,False,False,False,True,2016,961,1592.01,0,1
2016-02-18,22261,33.9,41.0,28.9,12.8,0.0,Thursday,2,False,False,False,True,False,False,2016,962,1149.2099999999998,0,0
2016-02-19,21959,30.2,37.4,25.0,7.6,0.0,Friday,2,False,False,False,False,False,False,2016,963,912.04,0,0
2016-02-20,24484,47.4,62.1,25.0,10.1,0.0,Saturday,2,False,True,False,False,False,False,2016,964,2246.7599999999998,1,0
2016-02-21,20052,53.1,62.1,39.9,8.4,0.0,Sunday,2,False,False,True,False,False,False,2016,965,2819.61,1,0
2016-02-22,28233,46.0,57.0,39.0,6.1,0.05,Monday,2,True,False,False,False,False,False,2016,966,2116.0,0,1
2016-02-23,16133,38.8,53.1,36.0,13.0,0.0,Tuesday,2,False,False,False,False,True,False,2016,967,1505.4399999999998,0,0
2016-02-24,9761,39.8,55.4,35.6,14.0,0.3,Wednesday,2,False,False,False,False,False,True,2016,968,1584.0399999999997,0,1
2016-02-25,25102,52.7,61.0,36.0,17.1,1.48,Thursday,2,False,False,False,True,False,False,2016,969,2777.2900000000004,0,1
2016-02-26,22573,36.6,41.0,33.1,17.7,0.02,Friday,2,False,False,False,False,False,False,2016,970,1339.5600000000002,0,1
2016-02-27,17226,32.6,42.1,28.0,11.5,0.0,Saturday,2,False,True,False,False,False,False,2016,971,1062.76,1,0
2016-02-28,25437,46.3,61.0,28.0,10.1,0.0,Sunday,2,False,False,True,False,False,False,2016,972,2143.6899999999996,1,0
2016-02-29,27954,51.2,61.0,39.0,9.4,0.0,Monday,2,True,False,False,False,False,False,2016,973,2621.4400000000005,0,0
2016-03-01,30509,46.6,61.0,39.9,11.4,0.07,Tuesday,3,False,False,False,False,True,False,2016,974,2171.56,0,1
2016-03-02,26195,46.5,55.9,36.0,15.1,0.17,Wednesday,3,False,False,False,False,False,True,2016,975,2162.25,0,1
2016-03-03,24061,31.5,36.0,27.0,11.9,0.0,Thursday,3,False,False,False,True,False,False,2016,976,992.25,0,0
2016-03-04,17369,33.7,42.1,27.0,10.0,0.04,Friday,3,False,False,False,False,False,False,2016,977,1135.6900000000003,0,1
2016-03-05,18023,34.8,42.1,30.0,9.4,0.04,Saturday,3,False,True,False,False,False,False,2016,978,1211.0399999999997,1,1
2016-03-06,18832,37.8,46.9,30.0,4.5,0.0,Sunday,3,False,False,True,False,False,False,2016,979,1428.8399999999997,1,0
2016-03-07,31492,45.1,61.0,33.1,9.3,0.0,Monday,3,True,False,False,False,False,False,2016,980,2034.0100000000002,0,0
2016-03-08,36521,53.9,64.0,37.0,5.8,0.0,Tuesday,3,False,False,False,False,True,False,2016,981,2905.21,0,0
2016-03-09,41490,54.0,75.0,41.0,5.3,0.0,Wednesday,3,False,False,False,False,False,True,2016,982,2916.0,0,0
2016-03-10,42252,70.0,78.1,64.0,6.7,0.0,Thursday,3,False,False,False,True,False,False,2016,983,4900.0,0,0
2016-03-11,38195,61.2,78.1,54.0,9.7,0.04,Friday,3,False,False,False,False,False,False,2016,984,3745.4400000000005,0,1
2016-03-12,32771,49.6,66.0,41.0,7.2,0.0,Saturday,3,False,True,False,False,False,False,2016,985,2460.1600000000003,1,0
2016-03-13,27550,56.7,64.0,41.0,5.6,0.0,Sunday,3,False,False,True,False,False,False,2016,986,3214.8900000000003,1,0
2016-03-14,10930,47.6,64.0,41.0,12.0,0.02,Monday,3,True,False,False,False,False,False,2016,987,2265.76,0,1
2016-03-15,31596,48.0,57.0,41.0,12.8,0.17,Tuesday,3,False,False,False,False,True,False,2016,988,2304.0,0,1
2016-03-16,36067,53.5,64.9,44.1,3.2,0.0,Wednesday,3,False,False,False,False,False,True,2016,989,2862.25,0,0
2016-03-17,35390,52.2,64.9,45.0,7.6,0.02,Thursday,3,False,False,False,True,False,False,2016,990,2724.84,0,1
2016-03-18,34647,53.0,64.0,45.0,13.3,0.04,Friday,3,False,False,False,False,False,False,2016,991,2809.0,0,1
2016-03-19,24048,43.5,57.0,37.0,7.0,0.0,Saturday,3,False,True,False,False,False,False,2016,992,1892.25,1,0
2016-03-20,16678,38.9,46.9,33.1,12.7,0.0,Sunday,3,False,False,True,False,False,False,2016,993,1513.2099999999998,1,0
2016-03-21,26414,39.6,50.0,33.1,10.4,0.14,Monday,3,True,False,False,False,False,False,2016,994,1568.16,0,1
2016-03-22,33497,43.8,55.0,37.0,13.6,0.07,Tuesday,3,False,False,False,False,True,False,2016,995,1918.4399999999998,0,1
2016-03-23,40983,57.4,71.1,50.0,9.1,0.0,Wednesday,3,False,False,False,False,False,True,2016,996,3294.7599999999998,0,0
2016-03-24,36495,50.1,71.1,44.1,11.2,0.0,Thursday,3,False,False,False,True,False,False,2016,997,2510.01,0,0
2016-03-25,34097,55.9,73.0,44.1,7.9,0.0,Friday,3,False,False,False,False,False,False,2016,998,3124.81,0,0
2016-03-26,27478,47.0,73.0,39.0,10.5,0.07,Saturday,3,False,True,False,False,False,False,2016,999,2209.0,1,1
2016-03-27,22483,45.8,54.0,39.0,6.8,0.0,Sunday,3,False,False,True,False,False,False,2016,1000,2097.64,1,0
2016-03-28,20345,47.3,62.1,42.8,11.2,0.19,Monday,3,True,False,False,False,False,False,2016,1001,2237.2899999999995,0,1
2016-03-29,31481,49.7,63.0,43.0,21.8,0.32,Tuesday,3,False,False,False,False,True,False,2016,1002,2470.09,0,1
2016-03-30,33684,45.4,53.1,39.0,10.7,0.0,Wednesday,3,False,False,False,False,False,True,2016,1003,2061.16,0,0
2016-03-31,38348,57.2,70.0,39.0,11.1,0.0,Thursday,3,False,False,False,True,False,False,2016,1004,3271.84,0,0
2016-04-01,34449,62.6,79.0,48.9,9.1,0.0,Friday,4,False,False,False,False,False,False,2016,1005,3918.76,0,0
2016-04-02,21839,56.3,79.0,48.9,6.9,0.01,Saturday,4,False,True,False,False,False,False,2016,1006,3169.6899999999996,1,1
2016-04-03,15322,42.3,61.0,35.1,19.7,0.24,Sunday,4,False,False,True,False,False,False,2016,1007,1789.2899999999997,1,1
2016-04-04,12302,39.7,50.0,35.1,9.4,0.11,Monday,4,True,False,False,False,False,False,2016,1008,1576.0900000000001,0,1
2016-04-05,26238,33.3,45.0,27.0,13.3,0.5,Tuesday,4,False,False,False,False,True,False,2016,1009,1108.8899999999999,0,1
2016-04-06,29365,39.0,48.0,27.0,9.9,0.0,Wednesday,4,False,False,False,False,False,True,2016,1010,1521.0,0,0
2016-04-07,30402,52.0,60.1,32.0,12.8,0.0,Thursday,4,False,False,False,True,False,False,2016,1011,2704.0,0,0
2016-04-08,30817,48.9,60.1,44.1,13.7,0.15,Friday,4,False,False,False,False,False,False,2016,1012,2391.21,0,1
2016-04-09,12702,41.1,46.9,37.4,8.1,0.0,Saturday,4,False,True,False,False,False,False,2016,1013,1689.21,1,0
2016-04-10,23229,40.5,50.0,33.1,11.5,0.07,Sunday,4,False,False,True,False,False,False,2016,1014,1640.25,1,1
2016-04-11,32048,50.2,61.0,33.1,11.7,0.0,Monday,4,True,False,False,False,False,False,2016,1015,2520.0400000000004,0,0
2016-04-12,23765,53.2,61.0,44.1,10.9,0.04,Tuesday,4,False,False,False,False,True,False,2016,1016,2830.2400000000002,0,1
2016-04-13,37539,48.4,57.9,42.1,8.8,0.19,Wednesday,4,False,False,False,False,False,True,2016,1017,2342.56,0,1
2016-04-14,38505,49.9,61.0,42.1,6.5,0.0,Thursday,4,False,False,False,True,False,False,2016,1018,2490.0099999999998,0,0
2016-04-15,39676,50.8,63.0,43.0,5.2,0.0,Friday,4,False,False,False,False,False,False,2016,1019,2580.64,0,0
2016-04-16,36148,52.6,64.9,44.1,6.7,0.0,Saturday,4,False,True,False,False,False,False,2016,1020,2766.76,1,0
2016-04-17,38843,55.8,73.9,45.0,4.5,0.0,Sunday,4,False,False,True,False,False,False,2016,1021,3113.64,1,0
2016-04-18,43994,62.5,80.1,48.0,4.4,0.0,Monday,4,True,False,False,False,False,False,2016,1022,3906.25,0,0
2016-04-19,46075,65.5,80.1,48.9,8.6,0.0,Tuesday,4,False,False,False,False,True,False,2016,1023,4290.25,0,0
2016-04-20,44547,58.8,69.1,51.1,10.7,0.0,Wednesday,4,False,False,False,False,False,True,2016,1024,3457.4399999999996,0,0
2016-04-21,45570,58.8,70.0,50.0,8.2,0.0,Thursday,4,False,False,False,True,False,False,2016,1025,3457.4399999999996,0,0
2016-04-22,48815,70.0,78.1,50.0,7.1,0.0,Friday,4,False,False,False,False,False,False,2016,1026,4900.0,0,0
2016-04-23,33647,66.5,78.1,61.0,8.7,0.14,Saturday,4,False,True,False,False,False,False,2016,1027,4422.25,1,1
2016-04-24,37866,56.5,69.1,48.0,9.7,0.0,Sunday,4,False,False,True,False,False,False,2016,1028,3192.25,1,0
2016-04-25,42308,56.6,68.0,48.0,6.5,0.0,Monday,4,True,False,False,False,False,False,2016,1029,3203.56,0,0
2016-04-26,34643,54.4,68.0,50.0,9.4,0.19,Tuesday,4,False,False,False,False,True,False,2016,1030,2959.3599999999997,0,1
2016-04-27,41931,51.1,57.9,46.4,7.9,0.11,Wednesday,4,False,False,False,False,False,True,2016,1031,2611.21,0,1
2016-04-28,37428,53.3,60.1,46.9,8.3,0.0,Thursday,4,False,False,False,True,False,False,2016,1032,2840.89,0,0
2016-04-29,34878,52.0,59.0,48.0,7.8,0.0,Friday,4,False,False,False,False,False,False,2016,1033,2704.0,0,0
2016-04-30,38258,52.8,63.0,46.9,6.2,0.02,Saturday,4,False,True,False,False,False,False,2016,1034,2787.8399999999997,1,1
2016-05-01,10697,50.1,63.0,46.9,7.3,0.0,Sunday,5,False,False,True,False,False,False,2016,1035,2510.01,1,0
2016-05-02,38537,50.6,61.0,44.6,6.1,0.15,Monday,5,True,False,False,False,False,False,2016,1036,2560.36,0,1
2016-05-03,22858,54.5,62.1,45.0,7.3,0.73,Tuesday,5,False,False,False,False,True,False,2016,1037,2970.25,0,1
2016-05-04,31619,51.3,55.0,48.9,9.0,0.07,Wednesday,5,False,False,False,False,False,True,2016,1038,2631.6899999999996,0,1
2016-05-05,39903,51.8,57.9,46.9,11.6,0.02,Thursday,5,False,False,False,True,False,False,2016,1039,2683.24,0,1
2016-05-06,18860,52.2,57.9,46.9,13.0,0.38,Friday,5,False,False,False,False,False,False,2016,1040,2724.84,0,1
2016-05-07,31078,52.3,57.2,48.2,8.7,0.18,Saturday,5,False,True,False,False,False,False,2016,1041,2735.2899999999995,1,1
2016-05-08,31197,55.4,64.9,48.9,9.8,0.07,Sunday,5,False,False,True,False,False,False,2016,1042,3069.16,1,1
2016-05-09,45724,62.9,73.9,48.9,9.9,0.08,Monday,5,True,False,False,False,False,False,2016,1043,3956.41,0,1
2016-05-10,44849,59.1,73.9,51.1,7.6,0.0,Tuesday,5,False,False,False,False,True,False,2016,1044,3492.81,0,0
2016-05-11,51181,63.0,73.9,51.1,5.4,0.0,Wednesday,5,False,False,False,False,False,True,2016,1045,3969.0,0,0
2016-05-12,52273,66.2,78.1,53.1,5.7,0.0,Thursday,5,False,False,False,True,False,False,2016,1046,4382.4400000000005,0,0
2016-05-13,32391,61.6,78.1,55.9,5.7,0.0,Friday,5,False,False,False,False,False,False,2016,1047,3794.5600000000004,0,0
2016-05-14,42063,66.2,73.0,57.9,6.8,0.25,Saturday,5,False,True,False,False,False,False,2016,1048,4382.4400000000005,1,1
2016-05-15,28661,56.0,73.0,48.0,15.4,0.0,Sunday,5,False,False,True,False,False,False,2016,1049,3136.0,1,0
2016-05-16,42787,52.8,68.0,44.1,16.9,0.0,Monday,5,True,False,False,False,False,False,2016,1050,2787.8399999999997,0,0
2016-05-17,43396,62.3,68.0,44.1,9.2,0.0,Tuesday,5,False,False,False,False,True,False,2016,1051,3881.2899999999995,0,0
2016-05-18,44803,59.3,69.1,55.0,7.2,0.0,Wednesday,5,False,False,False,False,False,True,2016,1052,3516.49,0,0
2016-05-19,49182,60.9,71.1,55.0,5.3,0.0,Thursday,5,False,False,False,True,False,False,2016,1053,3708.81,0,0
2016-05-20,52543,64.4,78.1,55.9,5.7,0.0,Friday,5,False,False,False,False,False,False,2016,1054,4147.360000000001,0,0
2016-05-21,30519,62.4,78.1,57.0,6.3,0.0,Saturday,5,False,True,False,False,False,False,2016,1055,3893.7599999999998,1,0
2016-05-22,37802,60.7,71.1,54.0,6.5,0.18,Sunday,5,False,False,True,False,False,False,2016,1056,3684.4900000000002,1,1
2016-05-23,48578,65.0,77.0,54.0,6.0,0.11,Monday,5,True,False,False,False,False,False,2016,1057,4225.0,0,1
2016-05-24,34796,65.6,77.0,55.9,5.3,0.26,Tuesday,5,False,False,False,False,True,False,2016,1058,4303.36,0,1
2016-05-25,53439,74.4,90.0,60.1,3.9,0.02,Wednesday,5,False,False,False,False,False,True,2016,1059,5535.360000000001,0,1
2016-05-26,52133,82.2,91.9,60.1,7.2,0.0,Thursday,5,False,False,False,True,False,False,2016,1060,6756.84,0,0
2016-05-27,46937,76.6,91.9,55.0,7.2,0.0,Friday,5,False,False,False,False,False,False,2016,1061,5867.5599999999995,0,0
2016-05-28,34222,79.9,91.9,66.9,8.4,0.0,Saturday,5,False,True,False,False,False,False,2016,1062,6384.010000000001,1,0
2016-05-29,36877,80.0,91.9,73.0,9.1,0.0,Sunday,5,False,False,True,False,False,False,2016,1063,6400.0,1,0
2016-05-30,32619,73.5,87.1,69.1,6.6,1.53,Monday,5,True,False,False,False,False,False,2016,1064,5402.25,0,1
2016-05-31,49756,76.7,86.0,69.1,7.5,0.0,Tuesday,5,False,False,False,False,True,False,2016,1065,5882.89,0,0
2016-06-01,54665,76.0,84.0,68.0,6.7,0.0,Wednesday,6,False,False,False,False,False,True,2016,1066,5776.0,0,0
2016-06-02,54401,68.9,82.9,62.1,9.2,0.0,Thursday,6,False,False,False,True,False,False,2016,1067,4747.210000000001,0,0
2016-06-03,38975,66.3,73.9,62.1,6.3,0.0,Friday,6,False,False,False,False,False,False,2016,1068,4395.69,0,0
2016-06-04,40977,72.8,82.9,63.0,5.5,0.02,Saturday,6,False,True,False,False,False,False,2016,1069,5299.839999999999,1,1
2016-06-05,22397,69.3,82.9,66.0,7.5,0.27,Sunday,6,False,False,True,False,False,False,2016,1070,4802.49,1,1
2016-06-06,52149,75.1,87.1,66.9,9.1,0.67,Monday,6,True,False,False,False,False,False,2016,1071,5640.009999999999,0,1
2016-06-07,51812,79.3,87.1,68.0,9.1,0.0,Tuesday,6,False,False,False,False,True,False,2016,1072,6288.49,0,0
2016-06-08,42250,64.9,87.1,55.0,13.0,0.01,Wednesday,6,False,False,False,False,False,True,2016,1073,4212.010000000001,0,1
2016-06-09,52905,63.6,73.9,55.0,17.1,0.44,Thursday,6,False,False,False,True,False,False,2016,1074,4044.96,0,1
2016-06-10,53299,67.9,78.1,55.9,12.0,0.0,Friday,6,False,False,False,False,False,False,2016,1075,4610.410000000001,0,0
2016-06-11,41030,74.6,90.0,59.0,7.0,0.0,Saturday,6,False,True,False,False,False,False,2016,1076,5565.159999999999,1,0
2016-06-12,40637,80.2,90.0,64.0,14.0,0.1,Sunday,6,False,False,True,False,False,False,2016,1077,6432.040000000001,1,1
2016-06-13,49069,66.0,86.0,59.0,16.9,0.0,Monday,6,True,False,False,False,False,False,2016,1078,4356.0,0,0
2016-06-14,54813,69.0,81.0,59.0,11.2,0.0,Tuesday,6,False,False,False,False,True,False,2016,1079,4761.0,0,0
2016-06-15,55049,75.3,87.1,60.1,6.2,0.0,Wednesday,6,False,False,False,False,False,True,2016,1080,5670.089999999999,0,0
2016-06-16,46198,73.3,87.1,66.0,4.4,0.12,Thursday,6,False,False,False,True,False,False,2016,1081,5372.889999999999,0,1
2016-06-17,54236,71.2,77.0,66.0,6.4,0.0,Friday,6,False,False,False,False,False,False,2016,1082,5069.4400000000005,0,0
2016-06-18,48901,73.0,86.0,63.0,5.3,0.0,Saturday,6,False,True,False,False,False,False,2016,1083,5329.0,1,0
2016-06-19,45270,75.1,86.0,63.0,7.5,0.0,Sunday,6,False,False,True,False,False,False,2016,1084,5640.009999999999,1,0
2016-06-20,52247,73.4,84.0,66.0,6.9,0.0,Monday,6,True,False,False,False,False,False,2016,1085,5387.56,0,0
2016-06-21,53564,80.8,89.1,66.0,10.0,0.0,Tuesday,6,False,False,False,False,True,False,2016,1086,6528.639999999999,0,0
2016-06-22,55749,77.9,89.1,66.9,8.8,0.0,Wednesday,6,False,False,False,False,False,True,2016,1087,6068.410000000001,0,0
2016-06-23,53206,74.3,86.0,66.9,6.8,0.0,Thursday,6,False,False,False,True,False,False,2016,1088,5520.49,0,0
2016-06-24,54186,74.7,84.9,68.0,8.7,0.0,Friday,6,False,False,False,False,False,False,2016,1089,5580.09,0,0
2016-06-25,43000,73.3,84.9,64.9,8.0,0.0,Saturday,6,False,True,False,False,False,False,2016,1090,5372.889999999999,1,0
2016-06-26,42992,75.8,86.0,64.9,7.5,0.0,Sunday,6,False,False,True,False,False,False,2016,1091,5745.639999999999,1,0
2016-06-27,47023,75.7,86.0,69.1,9.9,0.0,Monday,6,True,False,False,False,False,False,2016,1092,5730.490000000001,0,0
2016-06-28,49593,72.6,84.0,69.1,9.3,0.54,Tuesday,6,False,False,False,False,True,False,2016,1093,5270.759999999999,0,1
2016-06-29,54882,75.7,87.1,70.0,5.5,0.07,Wednesday,6,False,False,False,False,False,True,2016,1094,5730.490000000001,0,1
2016-06-30,54843,77.6,87.1,70.0,6.9,0.0,Thursday,6,False,False,False,True,False,False,2016,1095,6021.759999999999,0,0
2016-07-01,39669,76.9,87.1,70.0,8.4,0.0,Friday,7,False,False,False,False,False,False,2016,1096,5913.610000000001,0,0
2016-07-02,35837,72.9,81.0,68.0,11.5,0.28,Saturday,7,False,True,False,False,False,False,2016,1097,5314.410000000001,1,1
2016-07-03,35348,75.4,82.0,68.0,7.3,0.0,Sunday,7,False,False,True,False,False,False,2016,1098,5685.160000000001,1,0
2016-07-04,34860,76.7,86.0,69.1,7.8,0.0,Monday,7,True,False,False,False,False,False,2016,1099,5882.89,0,0
2016-07-05,43744,76.0,89.1,69.1,6.3,1.08,Tuesday,7,False,False,False,False,True,False,2016,1100,5776.0,0,1
2016-07-06,51353,85.8,96.1,69.1,5.3,0.57,Wednesday,7,False,False,False,False,False,True,2016,1101,7361.639999999999,0,1
2016-07-07,48742,85.1,96.1,77.0,7.3,0.0,Thursday,7,False,False,False,True,False,False,2016,1102,7242.009999999999,0,0
2016-07-08,44419,78.8,93.0,73.9,6.5,0.02,Friday,7,False,False,False,False,False,False,2016,1103,6209.44,0,1
2016-07-09,38142,70.3,86.0,66.0,9.0,0.01,Saturday,7,False,True,False,False,False,False,2016,1104,4942.089999999999,1,1
2016-07-10,41991,73.0,81.0,66.9,7.0,0.41,Sunday,7,False,False,True,False,False,False,2016,1105,5329.0,1,1
2016-07-11,52870,74.5,82.0,68.5,8.7,0.0,Monday,7,True,False,False,False,False,False,2016,1106,5550.25,0,0
2016-07-12,56537,76.6,84.0,69.1,8.1,0.0,Tuesday,7,False,False,False,False,True,False,2016,1107,5867.5599999999995,0,0
2016-07-13,55486,78.1,86.0,71.1,8.8,0.0,Wednesday,7,False,False,False,False,False,True,2016,1108,6099.609999999999,0,0
2016-07-14,50350,80.4,91.0,73.0,7.8,0.0,Thursday,7,False,False,False,True,False,False,2016,1109,6464.160000000001,0,0
2016-07-15,48572,86.6,91.9,75.0,6.4,0.5,Friday,7,False,False,False,False,False,False,2016,1110,7499.559999999999,0,1
2016-07-16,38406,84.1,91.9,77.0,8.0,0.0,Saturday,7,False,True,False,False,False,False,2016,1111,7072.8099999999995,1,0
2016-07-17,41347,83.1,93.0,77.0,5.1,0.0,Sunday,7,False,False,True,False,False,False,2016,1112,6905.609999999999,1,0
2016-07-18,43687,86.3,97.0,77.0,8.5,0.0,Monday,7,True,False,False,False,False,False,2016,1113,7447.69,0,0
2016-07-19,54593,80.2,97.0,75.9,10.9,0.12,Tuesday,7,False,False,False,False,True,False,2016,1114,6432.040000000001,0,1
2016-07-20,57225,77.9,88.0,71.1,7.2,0.0,Wednesday,7,False,False,False,False,False,True,2016,1115,6068.410000000001,0,0
2016-07-21,54842,80.9,91.0,71.1,8.3,0.0,Thursday,7,False,False,False,True,False,False,2016,1116,6544.810000000001,0,0
2016-07-22,49191,85.1,98.1,75.0,11.3,0.0,Friday,7,False,False,False,False,False,False,2016,1117,7242.009999999999,0,0
2016-07-23,37523,89.5,99.0,75.9,11.0,0.0,Saturday,7,False,True,False,False,False,False,2016,1118,8010.25,1,0
2016-07-24,39637,85.2,99.0,75.9,7.0,0.0,Sunday,7,False,False,True,False,False,False,2016,1119,7259.040000000001,1,0
2016-07-25,35379,84.3,93.9,75.9,8.2,0.02,Monday,7,True,False,False,False,False,False,2016,1120,7106.49,0,1
2016-07-26,52912,81.7,93.9,75.0,8.3,0.77,Tuesday,7,False,False,False,False,True,False,2016,1121,6674.89,0,1
2016-07-27,54163,84.5,93.9,75.0,6.6,0.0,Wednesday,7,False,False,False,False,False,True,2016,1122,7140.25,0,0
2016-07-28,50151,84.7,93.9,77.0,6.1,0.0,Thursday,7,False,False,False,True,False,False,2016,1123,7174.09,0,0
2016-07-29,37703,78.1,93.9,71.1,8.3,0.89,Friday,7,False,False,False,False,False,False,2016,1124,6099.609999999999,0,1
2016-07-30,27780,78.4,84.9,71.1,7.2,0.13,Saturday,7,False,True,False,False,False,False,2016,1125,6146.560000000001,1,1
2016-07-31,27651,77.7,84.0,75.0,8.1,0.18,Sunday,7,False,False,True,False,False,False,2016,1126,6037.290000000001,1,1
2016-08-01,49401,74.2,82.9,71.1,10.4,0.57,Monday,8,True,False,False,False,False,False,2016,1127,5505.64,0,1
2016-08-02,56764,74.2,80.1,71.1,10.5,0.0,Tuesday,8,False,False,False,False,True,False,2016,1128,5505.64,0,0
2016-08-03,57003,74.2,81.0,68.0,7.5,0.0,Wednesday,8,False,False,False,False,False,True,2016,1129,5505.64,0,0
2016-08-04,56604,75.6,84.0,68.0,5.9,0.0,Thursday,8,False,False,False,True,False,False,2016,1130,5715.359999999999,0,0
2016-08-05,53297,77.4,86.0,70.0,8.1,0.0,Friday,8,False,False,False,False,False,False,2016,1131,5990.760000000001,0,0
2016-08-06,44213,80.8,91.0,72.0,8.8,0.0,Saturday,8,False,True,False,False,False,False,2016,1132,6528.639999999999,1,0
2016-08-07,43631,81.5,91.0,73.9,9.2,0.0,Sunday,8,False,False,True,False,False,False,2016,1133,6642.25,1,0
2016-08-08,52262,80.8,89.1,73.9,7.1,0.0,Monday,8,True,False,False,False,False,False,2016,1134,6528.639999999999,0,0
2016-08-09,56112,80.8,89.1,75.0,6.5,0.0,Tuesday,8,False,False,False,False,True,False,2016,1135,6528.639999999999,0,0
2016-08-10,50114,81.5,89.1,75.0,9.3,0.01,Wednesday,8,False,False,False,False,False,True,2016,1136,6642.25,0,1
2016-08-11,47430,86.8,97.0,75.9,7.2,0.05,Thursday,8,False,False,False,True,False,False,2016,1137,7534.24,0,1
2016-08-12,44750,86.5,98.1,75.9,7.9,0.56,Friday,8,False,False,False,False,False,False,2016,1138,7482.25,0,1
2016-08-13,38912,89.2,98.1,75.9,7.0,0.07,Saturday,8,False,True,False,False,False,False,2016,1139,7956.64,1,1
2016-08-14,32961,90.7,97.0,82.0,8.6,0.0,Sunday,8,False,False,True,False,False,False,2016,1140,8226.49,1,0
2016-08-15,49063,84.6,98.1,78.1,5.6,0.01,Monday,8,True,False,False,False,False,False,2016,1141,7157.159999999999,0,1
2016-08-16,50426,84.9,93.0,78.1,9.0,0.0,Tuesday,8,False,False,False,False,True,False,2016,1142,7208.010000000001,0,0
2016-08-17,53989,82.8,91.0,78.1,11.7,0.13,Wednesday,8,False,False,False,False,False,True,2016,1143,6855.839999999999,0,1
2016-08-18,53218,80.3,88.0,75.0,5.4,0.02,Thursday,8,False,False,False,True,False,False,2016,1144,6448.089999999999,0,1
2016-08-19,51669,81.6,89.1,75.0,6.6,0.0,Friday,8,False,False,False,False,False,False,2016,1145,6658.5599999999995,0,0
2016-08-20,45817,79.0,89.1,75.0,6.3,0.02,Saturday,8,False,True,False,False,False,False,2016,1146,6241.0,1,1
2016-08-21,35051,80.7,89.1,75.0,9.7,0.12,Sunday,8,False,False,True,False,False,False,2016,1147,6512.490000000001,1,1
2016-08-22,54404,76.0,89.1,71.1,15.1,0.13,Monday,8,True,False,False,False,False,False,2016,1148,5776.0,0,1
2016-08-23,58674,74.3,84.0,66.9,6.4,0.0,Tuesday,8,False,False,False,False,True,False,2016,1149,5520.49,0,0
2016-08-24,58154,78.6,89.1,66.9,6.4,0.0,Wednesday,8,False,False,False,False,False,True,2016,1150,6177.959999999999,0,0
2016-08-25,53487,78.6,89.1,71.1,10.6,0.0,Thursday,8,False,False,False,True,False,False,2016,1151,6177.959999999999,0,0
2016-08-26,52037,83.6,91.0,73.0,8.7,0.01,Friday,8,False,False,False,False,False,False,2016,1152,6988.959999999999,0,1
2016-08-27,45674,82.4,91.0,75.9,8.2,0.0,Saturday,8,False,True,False,False,False,False,2016,1153,6789.760000000001,1,0
2016-08-28,44639,80.7,89.1,73.9,6.3,0.0,Sunday,8,False,False,True,False,False,False,2016,1154,6512.490000000001,1,0
2016-08-29,53288,82.1,91.0,73.9,8.6,0.0,Monday,8,True,False,False,False,False,False,2016,1155,6740.409999999999,0,0
2016-08-30,57405,79.0,91.0,72.0,9.0,0.0,Tuesday,8,False,False,False,False,True,False,2016,1156,6241.0,0,0
2016-08-31,57214,80.5,90.0,72.0,7.5,0.0,Wednesday,8,False,False,False,False,False,True,2016,1157,6480.25,0,0
2016-09-01,38187,76.9,90.0,73.0,5.6,0.03,Thursday,9,False,False,False,True,False,False,2016,1158,5913.610000000001,0,1
2016-09-02,53007,75.0,82.9,68.0,9.2,0.31,Friday,9,False,False,False,False,False,False,2016,1159,5625.0,0,1
2016-09-03,41630,73.5,82.9,68.0,10.8,0.0,Saturday,9,False,True,False,False,False,False,2016,1160,5402.25,1,0
2016-09-04,46023,72.1,81.0,66.0,9.5,0.0,Sunday,9,False,False,True,False,False,False,2016,1161,5198.409999999999,1,0
2016-09-05,45436,73.8,84.0,66.0,10.8,0.0,Monday,9,True,False,False,False,False,False,2016,1162,5446.44,0,0
2016-09-06,52447,77.8,84.0,66.9,15.2,0.0,Tuesday,9,False,False,False,False,True,False,2016,1163,6052.839999999999,0,0
2016-09-07,60500,77.2,86.0,71.6,11.2,0.01,Wednesday,9,False,False,False,False,False,True,2016,1164,5959.84,0,1
2016-09-08,61596,79.0,88.0,72.0,6.0,0.0,Thursday,9,False,False,False,True,False,False,2016,1165,6241.0,0,0
2016-09-09,56813,86.5,93.0,73.0,7.5,0.0,Friday,9,False,False,False,False,False,False,2016,1166,7482.25,0,0
2016-09-10,48455,82.2,93.0,75.9,7.1,0.05,Saturday,9,False,True,False,False,False,False,2016,1167,6756.84,1,1
2016-09-11,52245,80.6,91.0,75.9,11.5,0.0,Sunday,9,False,False,True,False,False,False,2016,1168,6496.359999999999,1,0
2016-09-12,61103,71.3,84.0,64.0,8.2,0.0,Monday,9,True,False,False,False,False,False,2016,1169,5083.69,0,0
2016-09-13,64839,73.2,82.0,64.0,7.7,0.0,Tuesday,9,False,False,False,False,True,False,2016,1170,5358.240000000001,0,0
2016-09-14,59203,78.0,91.9,68.0,8.5,0.0,Wednesday,9,False,False,False,False,False,True,2016,1171,6084.0,0,0
2016-09-15,67331,70.4,91.9,63.0,10.3,0.37,Thursday,9,False,False,False,True,False,False,2016,1172,4956.160000000001,0,1
2016-09-16,65275,68.5,75.0,63.0,6.4,0.0,Friday,9,False,False,False,False,False,False,2016,1173,4692.25,0,0
2016-09-17,59200,69.2,78.1,64.0,6.3,0.0,Saturday,9,False,True,False,False,False,False,2016,1174,4788.64,1,0
2016-09-18,51686,76.3,84.9,64.0,8.8,0.0,Sunday,9,False,False,True,False,False,False,2016,1175,5821.69,1,0
2016-09-19,34217,75.2,84.9,72.0,5.9,0.31,Monday,9,True,False,False,False,False,False,2016,1176,5655.040000000001,0,1
2016-09-20,64891,75.4,84.0,71.1,5.1,0.47,Tuesday,9,False,False,False,False,True,False,2016,1177,5685.160000000001,0,1
2016-09-21,65463,77.6,84.9,71.1,4.0,0.0,Wednesday,9,False,False,False,False,False,True,2016,1178,6021.759999999999,0,0
2016-09-22,67810,76.8,86.0,70.0,5.8,0.0,Thursday,9,False,False,False,True,False,False,2016,1179,5898.24,0,0
2016-09-23,65517,77.2,89.1,69.1,4.3,0.0,Friday,9,False,False,False,False,False,False,2016,1180,5959.84,0,0
2016-09-24,53259,68.5,89.1,59.0,9.5,0.44,Saturday,9,False,True,False,False,False,False,2016,1181,4692.25,1,1
2016-09-25,53568,64.2,72.0,57.9,6.8,0.2,Sunday,9,False,False,True,False,False,False,2016,1182,4121.64,1,1
2016-09-26,61386,65.6,73.0,57.0,7.2,0.0,Monday,9,True,False,False,False,False,False,2016,1183,4303.36,0,0
2016-09-27,61346,70.5,75.9,57.0,8.4,0.15,Tuesday,9,False,False,False,False,True,False,2016,1184,4970.25,0,1
2016-09-28,59464,67.6,75.9,62.1,10.8,0.0,Wednesday,9,False,False,False,False,False,True,2016,1185,4569.759999999999,0,0
2016-09-29,55578,63.2,71.1,60.1,18.2,0.0,Thursday,9,False,False,False,True,False,False,2016,1186,3994.2400000000002,0,0
2016-09-30,21381,62.1,66.9,60.1,21.8,0.0,Friday,9,False,False,False,False,False,False,2016,1187,3856.4100000000003,0,0
2017-04-01,23849,42.2,48.0,39.0,17.2,1.78,Saturday,4,False,True,False,False,False,False,2017,1370,1780.8400000000001,1,1
2017-04-02,39780,50.6,63.0,39.0,9.7,0.01,Sunday,4,False,False,True,False,False,False,2017,1371,2560.36,1,1
2017-04-03,43485,56.4,63.0,43.0,7.0,0.0,Monday,4,True,False,False,False,False,False,2017,1372,3180.96,0,0
2017-04-04,29991,50.1,63.0,45.0,11.3,1.6,Tuesday,4,False,False,False,False,True,False,2017,1373,2510.01,0,1
2017-04-05,47636,51.7,63.0,45.0,5.4,0.03,Wednesday,4,False,False,False,False,False,True,2017,1374,2672.8900000000003,0,1
2017-04-06,18020,46.0,53.1,42.8,12.1,0.02,Thursday,4,False,False,False,True,False,False,2017,1375,2116.0,0,1
2017-04-07,35779,50.1,54.0,43.0,13.2,0.83,Friday,4,False,False,False,False,False,False,2017,1376,2510.01,0,1
2017-04-08,35936,47.4,57.9,42.1,16.0,0.0,Saturday,4,False,True,False,False,False,False,2017,1377,2246.7599999999998,1,0
2017-04-09,43896,54.4,68.0,42.1,8.8,0.0,Sunday,4,False,False,True,False,False,False,2017,1378,2959.3599999999997,1,0
2017-04-10,50424,61.3,73.0,46.0,7.6,0.0,Monday,4,True,False,False,False,False,False,2017,1379,3757.6899999999996,0,0
2017-04-11,57310,67.4,78.1,52.0,7.9,0.0,Tuesday,4,False,False,False,False,True,False,2017,1380,4542.760000000001,0,0
2017-04-12,51188,63.9,78.1,54.0,4.3,0.0,Wednesday,4,False,False,False,False,False,True,2017,1381,4083.21,0,0
2017-04-13,52915,58.5,77.0,50.0,9.8,0.03,Thursday,4,False,False,False,True,False,False,2017,1382,3422.25,0,1
2017-04-14,52232,57.2,66.0,50.0,7.1,0.0,Friday,4,False,False,False,False,False,False,2017,1383,3271.84,0,0
2017-04-15,42531,57.2,66.0,50.0,8.4,0.0,Saturday,4,False,True,False,False,False,False,2017,1384,3271.84,1,0
2017-04-16,48140,70.8,88.0,52.0,9.5,0.0,Sunday,4,False,False,True,False,False,False,2017,1385,5012.639999999999,1,0
2017-04-17,53247,70.9,88.0,60.1,12.2,0.0,Monday,4,True,False,False,False,False,False,2017,1386,5026.81,0,0
2017-04-18,53809,59.2,73.0,51.1,10.2,0.0,Tuesday,4,False,False,False,False,True,False,2017,1387,3504.6400000000003,0,0
2017-04-19,45787,50.0,64.9,46.0,11.0,0.0,Wednesday,4,False,False,False,False,False,True,2017,1388,2500.0,0,0
2017-04-20,44264,54.4,66.0,46.0,6.7,0.19,Thursday,4,False,False,False,True,False,False,2017,1389,2959.3599999999997,0,1
2017-04-21,39868,52.3,66.0,48.9,11.2,0.3,Friday,4,False,False,False,False,False,False,2017,1390,2735.2899999999995,0,1
2017-04-22,34596,51.8,55.9,48.0,6.9,0.02,Saturday,4,False,True,False,False,False,False,2017,1391,2683.24,1,1
2017-04-23,49107,54.7,64.9,48.0,7.0,0.07,Sunday,4,False,False,True,False,False,False,2017,1392,2992.09,1,1
2017-04-24,48692,53.5,64.9,48.0,6.0,0.0,Monday,4,True,False,False,False,False,False,2017,1393,2862.25,0,0
2017-04-25,20332,52.8,59.0,48.0,16.3,0.07,Tuesday,4,False,False,False,False,True,False,2017,1394,2787.8399999999997,0,1
2017-04-26,37727,55.2,62.1,50.0,11.9,0.73,Wednesday,4,False,False,False,False,False,True,2017,1395,3047.0400000000004,0,1
2017-04-27,52035,62.0,69.1,53.1,5.1,0.13,Thursday,4,False,False,False,True,False,False,2017,1396,3844.0,0,1
2017-04-28,62199,66.6,84.9,55.0,5.9,0.01,Friday,4,False,False,False,False,False,False,2017,1397,4435.5599999999995,0,1
2017-04-29,57701,76.9,88.0,55.0,8.8,0.06,Saturday,4,False,True,False,False,False,False,2017,1398,5913.610000000001,1,1
2017-04-30,42928,64.7,88.0,55.9,10.1,0.0,Sunday,4,False,False,True,False,False,False,2017,1399,4186.09,1,0
2017-05-01,56218,55.9,73.0,50.0,9.3,0.0,Monday,5,True,False,False,False,False,False,2017,1400,3124.81,0,0
2017-05-02,61207,70.5,78.1,50.0,12.9,0.0,Tuesday,5,False,False,False,False,True,False,2017,1401,4970.25,0,0
2017-05-03,59252,64.3,78.1,61.0,14.1,0.0,Wednesday,5,False,False,False,False,False,True,2017,1402,4134.49,0,0
2017-05-04,57429,57.7,66.9,51.1,8.9,0.0,Thursday,5,False,False,False,True,False,False,2017,1403,3329.2900000000004,0,0
2017-05-05,24009,56.0,66.0,51.1,11.4,0.01,Friday,5,False,False,False,False,False,False,2017,1404,3136.0,0,1
2017-05-06,46618,62.4,66.9,53.1,13.8,2.31,Saturday,5,False,True,False,False,False,False,2017,1405,3893.7599999999998,1,1
2017-05-07,34293,56.1,66.9,53.1,12.2,0.01,Sunday,5,False,False,True,False,False,False,2017,1406,3147.21,1,1
2017-05-08,51553,53.4,62.1,48.0,12.5,0.0,Monday,5,True,False,False,False,False,False,2017,1407,2851.56,0,0
2017-05-09,56461,55.6,64.0,48.0,9.2,0.0,Tuesday,5,False,False,False,False,True,False,2017,1408,3091.36,0,0
2017-05-10,58454,56.8,64.9,48.9,6.2,0.0,Wednesday,5,False,False,False,False,False,True,2017,1409,3226.24,0,0
2017-05-11,57208,57.1,64.9,52.0,6.4,0.0,Thursday,5,False,False,False,True,False,False,2017,1410,3260.4100000000003,0,0
2017-05-12,56675,56.5,64.0,52.0,6.9,0.0,Friday,5,False,False,False,False,False,False,2017,1411,3192.25,0,0
2017-05-13,5704,53.2,55.9,48.0,11.1,0.13,Saturday,5,False,True,False,False,False,False,2017,1412,2830.2400000000002,1,1
2017-05-14,38729,55.4,70.0,46.9,13.4,1.61,Sunday,5,False,False,True,False,False,False,2017,1413,3069.16,1,1
2017-05-15,54715,61.7,70.0,46.9,17.8,0.01,Monday,5,True,False,False,False,False,False,2017,1414,3806.8900000000003,0,1
2017-05-16,64504,68.8,82.9,54.0,10.3,0.0,Tuesday,5,False,False,False,False,True,False,2017,1415,4733.44,0,0
2017-05-17,65794,79.2,93.9,59.0,6.8,0.0,Wednesday,5,False,False,False,False,False,True,2017,1416,6272.64,0,0
2017-05-18,63753,88.1,97.0,66.0,10.1,0.0,Thursday,5,False,False,False,True,False,False,2017,1417,7761.609999999999,0,0
2017-05-19,62143,87.9,97.0,80.1,11.0,0.0,Friday,5,False,False,False,False,False,False,2017,1418,7726.410000000001,0,0
2017-05-20,47859,67.3,96.1,61.0,10.9,0.01,Saturday,5,False,True,False,False,False,False,2017,1419,4529.29,1,1
2017-05-21,54874,62.4,71.1,57.0,7.9,0.0,Sunday,5,False,False,True,False,False,False,2017,1420,3893.7599999999998,1,0
2017-05-22,24627,59.8,71.1,57.0,7.5,0.11,Monday,5,True,False,False,False,False,False,2017,1421,3576.0399999999995,0,1
2017-05-23,60032,63.4,70.0,57.0,4.9,0.53,Tuesday,5,False,False,False,False,True,False,2017,1422,4019.56,0,1
2017-05-24,60622,62.8,70.0,57.0,7.4,0.03,Wednesday,5,False,False,False,False,False,True,2017,1423,3943.8399999999997,0,1
2017-05-25,17495,58.4,69.1,55.9,11.7,0.1,Thursday,5,False,False,False,True,False,False,2017,1424,3410.56,0,1
2017-05-26,53768,63.5,75.9,55.9,11.1,0.89,Friday,5,False,False,False,False,False,False,2017,1425,4032.25,0,1
2017-05-27,46534,67.4,75.9,57.0,8.0,0.12,Saturday,5,False,True,False,False,False,False,2017,1426,4542.760000000001,1,1
2017-05-28,46727,64.5,72.0,57.9,6.8,0.0,Sunday,5,False,False,True,False,False,False,2017,1427,4160.25,1,0
2017-05-29,26322,59.1,71.1,55.9,9.5,0.13,Monday,5,True,False,False,False,False,False,2017,1428,3492.81,0,1
2017-05-30,50194,58.3,64.0,55.0,7.6,0.03,Tuesday,5,False,False,False,False,True,False,2017,1429,3398.89,0,1
2017-05-31,59495,63.1,78.1,55.0,6.6,0.08,Wednesday,5,False,False,False,False,False,True,2017,1430,3981.61,0,1
2017-06-01,67403,69.4,82.0,57.9,6.9,0.05,Thursday,6,False,False,False,True,False,False,2017,1431,4816.360000000001,0,1
2017-06-02,66907,70.6,82.0,60.1,8.8,0.0,Friday,6,False,False,False,False,False,False,2017,1432,4984.359999999999,0,0
2017-06-03,56264,66.1,79.0,59.0,9.2,0.0,Saturday,6,False,True,False,False,False,False,2017,1433,4369.209999999999,1,0
2017-06-04,40138,66.0,73.9,59.0,6.3,0.0,Sunday,6,False,False,True,False,False,False,2017,1434,4356.0,1,0
2017-06-05,55883,61.8,71.1,59.0,7.9,0.06,Monday,6,True,False,False,False,False,False,2017,1435,3819.24,0,1
2017-06-06,41268,58.0,66.9,55.0,11.5,0.02,Tuesday,6,False,False,False,False,True,False,2017,1436,3364.0,0,1
2017-06-07,64453,58.6,70.0,52.0,8.0,0.03,Wednesday,6,False,False,False,False,False,True,2017,1437,3433.96,0,1
2017-06-08,62653,63.9,71.1,52.0,5.4,0.0,Thursday,6,False,False,False,True,False,False,2017,1438,4083.21,0,0
2017-06-09,66506,66.7,82.9,55.9,7.2,0.0,Friday,6,False,False,False,False,False,False,2017,1439,4448.89,0,0
2017-06-10,57087,78.1,88.0,55.9,7.6,0.0,Saturday,6,False,True,False,False,False,False,2017,1440,6099.609999999999,1,0
2017-06-11,51427,83.7,93.9,66.9,9.0,0.0,Sunday,6,False,False,True,False,False,False,2017,1441,7005.6900000000005,1,0
2017-06-12,57871,86.7,96.1,75.0,8.5,0.0,Monday,6,True,False,False,False,False,False,2017,1442,7516.89,0,0
2017-06-13,60921,89.7,100.9,75.9,8.5,0.0,Tuesday,6,False,False,False,False,True,False,2017,1443,8046.09,0,0
2017-06-14,60513,78.8,93.9,71.6,7.8,0.48,Wednesday,6,False,False,False,False,False,True,2017,1444,6209.44,0,1
2017-06-15,64763,70.7,82.9,64.0,8.1,0.02,Thursday,6,False,False,False,True,False,False,2017,1445,4998.490000000001,0,1
2017-06-16,56403,65.6,75.9,63.0,9.1,0.0,Friday,6,False,False,False,False,False,False,2017,1446,4303.36,0,0
2017-06-17,34900,67.0,73.9,63.0,7.0,0.0,Saturday,6,False,True,False,False,False,False,2017,1447,4489.0,1,0
2017-06-18,49472,75.3,84.0,64.0,8.8,1.26,Sunday,6,False,False,True,False,False,False,2017,1448,5670.089999999999,1,1
2017-06-19,38310,78.5,87.1,70.0,11.1,0.0,Monday,6,True,False,False,False,False,False,2017,1449,6162.25,0,0
2017-06-20,64673,76.9,87.1,70.0,11.0,1.23,Tuesday,6,False,False,False,False,True,False,2017,1450,5913.610000000001,0,1
2017-06-21,67218,80.3,87.1,70.0,8.7,0.01,Wednesday,6,False,False,False,False,False,True,2017,1451,6448.089999999999,0,1
2017-06-22,66308,77.1,87.1,68.0,7.6,0.0,Thursday,6,False,False,False,True,False,False,2017,1452,5944.409999999999,0,0
2017-06-23,55323,81.2,87.1,68.0,9.3,0.0,Friday,6,False,False,False,False,False,False,2017,1453,6593.4400000000005,0,0
2017-06-24,52153,79.5,87.1,70.0,10.0,0.96,Saturday,6,False,True,False,False,False,False,2017,1454,6320.25,1,1
2017-06-25,54655,78.2,86.0,70.0,7.1,0.18,Sunday,6,False,False,True,False,False,False,2017,1455,6115.240000000001,1,1
2017-06-26,62669,74.0,84.0,66.9,9.0,0.0,Monday,6,True,False,False,False,False,False,2017,1456,5476.0,0,0
2017-06-27,64767,71.2,81.0,62.1,7.7,0.16,Tuesday,6,False,False,False,False,True,False,2017,1457,5069.4400000000005,0,1
2017-06-28,67752,71.5,81.0,62.1,10.1,0.0,Wednesday,6,False,False,False,False,False,True,2017,1458,5112.25,0,0
2017-06-29,64272,76.2,82.9,64.0,10.9,0.0,Thursday,6,False,False,False,True,False,False,2017,1459,5806.4400000000005,0,0
2017-06-30,58662,80.2,89.1,69.1,11.7,0.0,Friday,6,False,False,False,False,False,False,2017,1460,6432.040000000001,0,0
2017-07-01,36737,79.0,89.1,73.9,9.4,0.0,Saturday,7,False,True,False,False,False,False,2017,1461,6241.0,1,0
2017-07-02,43036,79.8,91.0,73.0,7.4,0.07,Sunday,7,False,False,True,False,False,False,2017,1462,6368.04,1,1
2017-07-03,48193,83.3,91.0,73.0,7.2,0.0,Monday,7,True,False,False,False,False,False,2017,1463,6938.889999999999,0,0
2017-07-04,49924,77.8,90.0,70.0,4.2,0.12,Tuesday,7,False,False,False,False,True,False,2017,1464,6052.839999999999,0,1
2017-07-05,60321,76.7,87.1,70.0,7.6,0.0,Wednesday,7,False,False,False,False,False,True,2017,1465,5882.89,0,0
2017-07-06,62147,74.5,84.9,69.1,7.1,0.0,Thursday,7,False,False,False,True,False,False,2017,1466,5550.25,0,0
2017-07-07,44068,72.4,82.0,68.0,8.4,0.01,Friday,7,False,False,False,False,False,False,2017,1467,5241.760000000001,0,1
2017-07-08,55015,78.5,87.1,68.0,7.5,2.13,Saturday,7,False,True,False,False,False,False,2017,1468,6162.25,1,1
2017-07-09,57118,76.3,87.1,70.0,8.5,0.0,Sunday,7,False,False,True,False,False,False,2017,1469,5821.69,1,0
2017-07-10,60907,78.7,88.0,70.0,8.0,0.0,Monday,7,True,False,False,False,False,False,2017,1470,6193.6900000000005,0,0
2017-07-11,61671,80.5,89.1,72.0,8.5,0.0,Tuesday,7,False,False,False,False,True,False,2017,1471,6480.25,0,0
2017-07-12,61786,84.2,91.0,75.0,9.1,0.0,Wednesday,7,False,False,False,False,False,True,2017,1472,7089.64,0,0
2017-07-13,56475,86.0,93.9,78.1,9.1,0.0,Thursday,7,False,False,False,True,False,False,2017,1473,7396.0,0,0
2017-07-14,31851,69.8,93.9,64.9,8.4,0.01,Friday,7,False,False,False,False,False,False,2017,1474,4872.04,0,1
2017-07-15,56499,73.7,86.0,64.9,6.9,0.47,Saturday,7,False,True,False,False,False,False,2017,1475,5431.6900000000005,1,1
2017-07-16,56833,78.0,86.0,66.9,6.6,0.01,Sunday,7,False,False,True,False,False,False,2017,1476,6084.0,1,1
2017-07-17,62555,80.1,87.1,71.1,7.2,0.0,Monday,7,True,False,False,False,False,False,2017,1477,6416.009999999999,0,0
2017-07-18,66234,80.5,88.0,75.0,7.9,0.0,Tuesday,7,False,False,False,False,True,False,2017,1478,6480.25,0,0
2017-07-19,63915,84.8,93.9,75.9,7.6,0.0,Wednesday,7,False,False,False,False,False,True,2017,1479,7191.04,0,0
2017-07-20,59663,87.2,98.1,77.0,5.0,0.0,Thursday,7,False,False,False,True,False,False,2017,1480,7603.84,0,0
2017-07-21,60072,84.4,98.1,77.0,8.7,0.0,Friday,7,False,False,False,False,False,False,2017,1481,7123.360000000001,0,0
2017-07-22,48011,85.3,93.9,77.0,7.5,0.0,Saturday,7,False,True,False,False,False,False,2017,1482,7276.089999999999,1,0
2017-07-23,46942,76.4,91.0,72.0,5.4,0.6,Sunday,7,False,False,True,False,False,False,2017,1483,5836.960000000001,1,1
2017-07-24,43792,70.2,80.1,64.0,11.1,0.46,Monday,7,True,False,False,False,False,False,2017,1484,4928.04,0,1
2017-07-25,65336,65.8,73.0,62.1,9.1,0.45,Tuesday,7,False,False,False,False,True,False,2017,1485,4329.639999999999,0,1
2017-07-26,70323,70.5,78.1,62.1,7.5,0.0,Wednesday,7,False,False,False,False,False,True,2017,1486,4970.25,0,0
2017-07-27,65769,72.2,78.1,64.9,7.9,0.0,Thursday,7,False,False,False,True,False,False,2017,1487,5212.84,0,0
2017-07-28,63899,76.9,84.0,66.9,5.8,0.0,Friday,7,False,False,False,False,False,False,2017,1488,5913.610000000001,0,0
2017-07-29,52947,73.3,84.0,68.0,13.2,0.0,Saturday,7,False,True,False,False,False,False,2017,1489,5372.889999999999,1,0
2017-07-30,59342,72.9,82.0,66.0,7.0,0.0,Sunday,7,False,False,True,False,False,False,2017,1490,5314.410000000001,1,0
2017-07-31,64218,77.7,89.1,66.0,5.3,0.0,Monday,7,True,False,False,False,False,False,2017,1491,6037.290000000001,0,0
2017-08-01,66677,81.3,91.0,70.0,5.1,0.0,Tuesday,8,False,False,False,False,True,False,2017,1492,6609.69,0,0
2017-08-02,56184,79.6,91.0,69.1,6.1,0.0,Wednesday,8,False,False,False,False,False,True,2017,1493,6336.159999999999,0,0
2017-08-03,66149,76.2,88.0,69.1,6.2,0.08,Thursday,8,False,False,False,True,False,False,2017,1494,5806.4400000000005,0,1
2017-08-04,56394,78.1,87.1,70.0,10.0,0.1,Friday,8,False,False,False,False,False,False,2017,1495,6099.609999999999,0,1
2017-08-05,58971,76.3,84.9,70.0,10.0,0.82,Saturday,8,False,True,False,False,False,False,2017,1496,5821.69,1,1
2017-08-06,56476,72.0,80.1,66.0,10.9,0.16,Sunday,8,False,False,True,False,False,False,2017,1497,5184.0,1,1
2017-08-07,23395,70.2,78.1,66.0,5.8,0.0,Monday,8,True,False,False,False,False,False,2017,1498,4928.04,0,0
2017-08-08,65233,70.3,80.1,64.9,7.1,0.43,Tuesday,8,False,False,False,False,True,False,2017,1499,4942.089999999999,0,1
2017-08-09,67884,76.5,84.9,64.9,5.2,0.0,Wednesday,8,False,False,False,False,False,True,2017,1500,5852.25,0,0
2017-08-10,66249,77.5,86.0,68.0,6.0,0.0,Thursday,8,False,False,False,True,False,False,2017,1501,6006.25,0,0
2017-08-11,63140,75.9,86.0,71.1,7.7,0.0,Friday,8,False,False,False,False,False,False,2017,1502,5760.810000000001,0,0
2017-08-12,60540,71.8,82.0,64.9,5.9,0.17,Saturday,8,False,True,False,False,False,False,2017,1503,5155.24,1,1
2017-08-13,57518,76.8,84.9,64.9,8.0,0.16,Sunday,8,False,False,True,False,False,False,2017,1504,5898.24,1,1
2017-08-14,61482,76.6,84.9,71.1,5.8,0.0,Monday,8,True,False,False,False,False,False,2017,1505,5867.5599999999995,0,0
2017-08-15,52461,73.2,77.0,69.1,5.3,0.32,Tuesday,8,False,False,False,False,True,False,2017,1506,5358.240000000001,0,1
2017-08-16,68436,76.8,86.0,69.1,4.8,0.12,Wednesday,8,False,False,False,False,False,True,2017,1507,5898.24,0,1
2017-08-17,66656,76.4,86.0,70.0,7.0,0.0,Thursday,8,False,False,False,True,False,False,2017,1508,5836.960000000001,0,0
2017-08-18,36620,77.3,82.9,70.0,7.7,0.01,Friday,8,False,False,False,False,False,False,2017,1509,5975.29,0,1
2017-08-19,62442,80.1,89.1,73.0,7.5,0.9,Saturday,8,False,True,False,False,False,False,2017,1510,6416.009999999999,1,1
2017-08-20,55442,78.7,89.1,71.1,10.4,0.0,Sunday,8,False,False,True,False,False,False,2017,1511,6193.6900000000005,1,0
2017-08-21,61059,80.8,88.0,71.1,6.7,0.0,Monday,8,True,False,False,False,False,False,2017,1512,6528.639999999999,0,0
2017-08-22,60541,81.5,91.0,75.0,8.6,0.0,Tuesday,8,False,False,False,False,True,False,2017,1513,6642.25,0,0
2017-08-23,65070,78.2,84.0,73.4,11.1,0.25,Wednesday,8,False,False,False,False,False,True,2017,1514,6115.240000000001,0,1
2017-08-24,66307,75.2,82.0,69.1,6.8,0.02,Thursday,8,False,False,False,True,False,False,2017,1515,5655.040000000001,0,1
2017-08-25,64217,72.3,81.0,66.0,6.0,0.0,Friday,8,False,False,False,False,False,False,2017,1516,5227.29,0,0
2017-08-26,50109,71.0,78.1,64.0,5.7,0.0,Saturday,8,False,True,False,False,False,False,2017,1517,5041.0,1,0
2017-08-27,54598,70.2,77.0,64.0,7.1,0.0,Sunday,8,False,False,True,False,False,False,2017,1518,4928.04,1,0
2017-08-28,60886,69.8,77.0,64.0,9.3,0.0,Monday,8,True,False,False,False,False,False,2017,1519,4872.04,0,0
2017-08-29,35152,66.5,75.0,64.0,11.6,0.0,Tuesday,8,False,False,False,False,True,False,2017,1520,4422.25,0,0
2017-08-30,65329,67.5,80.1,61.0,10.6,0.32,Wednesday,8,False,False,False,False,False,True,2017,1521,4556.25,0,1
2017-08-31,64881,74.0,82.0,61.0,9.8,0.01,Thursday,8,False,False,False,True,False,False,2017,1522,5476.0,0,1
2017-09-01,54881,65.4,82.0,55.9,10.7,0.0,Friday,9,False,False,False,False,False,False,2017,1523,4277.160000000001,0,0
2017-09-02,37812,63.2,72.0,55.9,7.9,0.0,Saturday,9,False,True,False,False,False,False,2017,1524,3994.2400000000002,1,0
2017-09-03,30955,62.6,72.0,55.9,9.8,0.79,Sunday,9,False,False,True,False,False,False,2017,1525,3918.76,1,1
2017-09-04,55285,71.3,82.0,59.0,11.2,0.4,Monday,9,True,False,False,False,False,False,2017,1526,5083.69,0,1
2017-09-05,65445,76.4,84.9,64.0,8.8,0.0,Tuesday,9,False,False,False,False,True,False,2017,1527,5836.960000000001,0,0
2017-09-06,42295,69.9,84.9,62.1,7.0,0.0,Wednesday,9,False,False,False,False,False,True,2017,1528,4886.010000000001,0,0
2017-09-07,69519,65.4,73.0,60.8,8.3,0.44,Thursday,9,False,False,False,True,False,False,2017,1529,4277.160000000001,0,1
2017-09-08,69574,67.5,75.0,61.0,10.6,0.0,Friday,9,False,False,False,False,False,False,2017,1530,4556.25,0,0
2017-09-09,60155,63.7,73.0,57.9,9.1,0.0,Saturday,9,False,True,False,False,False,False,2017,1531,4057.6900000000005,1,0
2017-09-10,60711,65.0,73.0,59.0,9.7,0.0,Sunday,9,False,False,True,False,False,False,2017,1532,4225.0,1,0
2017-09-11,71917,67.7,78.1,59.0,5.1,0.0,Monday,9,True,False,False,False,False,False,2017,1533,4583.29,0,0
2017-09-12,74580,71.9,82.0,59.0,2.9,0.0,Tuesday,9,False,False,False,False,True,False,2017,1534,5169.610000000001,0,0
2017-09-13,69566,74.0,84.0,63.0,4.9,0.0,Wednesday,9,False,False,False,False,False,True,2017,1535,5476.0,0,0
2017-09-14,72071,75.1,84.0,66.9,7.0,0.02,Thursday,9,False,False,False,True,False,False,2017,1536,5640.009999999999,0,1
2017-09-15,72297,76.6,82.9,70.0,6.3,0.0,Friday,9,False,False,False,False,False,False,2017,1537,5867.5599999999995,0,0
2017-09-16,61036,74.2,82.0,69.1,5.8,0.0,Saturday,9,False,True,False,False,False,False,2017,1538,5505.64,1,0
2017-09-17,59967,72.8,81.0,69.1,5.1,0.0,Sunday,9,False,False,True,False,False,False,2017,1539,5299.839999999999,1,0
2017-09-18,64130,70.6,81.0,68.0,8.7,0.0,Monday,9,True,False,False,False,False,False,2017,1540,4984.359999999999,0,0
2017-09-19,57910,72.3,78.1,68.0,13.7,0.0,Tuesday,9,False,False,False,False,True,False,2017,1541,5227.29,0,0
2017-09-20,71150,73.9,78.1,69.1,13.3,0.19,Wednesday,9,False,False,False,False,False,True,2017,1542,5461.210000000001,0,1
2017-09-21,67742,75.8,79.0,71.1,10.2,0.0,Thursday,9,False,False,False,True,False,False,2017,1543,5745.639999999999,0,0
2017-09-22,70127,73.8,81.0,68.0,11.5,0.0,Friday,9,False,False,False,False,False,False,2017,1544,5446.44,0,0
2017-09-23,62687,76.5,86.0,68.0,10.0,0.0,Saturday,9,False,True,False,False,False,False,2017,1545,5852.25,1,0
2017-09-24,57458,79.5,91.0,70.0,3.5,0.0,Sunday,9,False,False,True,False,False,False,2017,1546,6320.25,1,0
2017-09-25,69200,77.5,91.0,71.1,5.5,0.0,Monday,9,True,False,False,False,False,False,2017,1547,6006.25,0,0
2017-09-26,71518,73.7,86.0,68.0,5.6,0.0,Tuesday,9,False,False,False,False,True,False,2017,1548,5431.6900000000005,0,0
2017-09-27,69897,75.0,84.0,68.0,7.2,0.0,Wednesday,9,False,False,False,False,False,True,2017,1549,5625.0,0,0
2017-09-28,70883,74.1,84.0,68.0,11.8,0.0,Thursday,9,False,False,False,True,False,False,2017,1550,5490.8099999999995,0,0
2017-09-29,67177,63.3,77.0,57.0,9.0,0.0,Friday,9,False,False,False,False,False,False,2017,1551,4006.8899999999994,0,0
2017-09-30,50153,62.1,70.0,55.9,9.4,0.0,Saturday,9,False,True,False,False,False,False,2017,1552,3856.4100000000003,1,0
2017-10-01,55505,58.8,70.0,52.0,6.8,0.0,Sunday,10,False,False,True,False,False,False,2017,1553,3457.4399999999996,1,0
2017-10-02,65511,64.5,73.9,52.0,4.8,0.0,Monday,10,True,False,False,False,False,False,2017,1554,4160.25,0,0
2017-10-03,69105,64.0,73.9,55.9,5.2,0.0,Tuesday,10,False,False,False,False,True,False,2017,1555,4096.0,0,0
2017-10-04,71454,64.8,75.0,57.9,6.8,0.0,Wednesday,10,False,False,False,False,False,True,2017,1556,4199.04,0,0
2017-10-05,70174,73.0,84.0,57.9,9.5,0.0,Thursday,10,False,False,False,True,False,False,2017,1557,5329.0,0,0
2017-10-06,70257,74.7,84.0,66.0,7.0,0.0,Friday,10,False,False,False,False,False,False,2017,1558,5580.09,0,0
2017-10-07,63635,72.4,82.0,66.0,6.4,0.0,Saturday,10,False,True,False,False,False,False,2017,1559,5241.760000000001,1,0
2017-10-08,41044,74.0,82.0,66.0,9.3,0.0,Sunday,10,False,False,True,False,False,False,2017,1560,5476.0,1,0
2017-10-09,38391,73.9,80.1,71.1,9.0,0.39,Monday,10,True,False,False,False,False,False,2017,1561,5461.210000000001,0,1
2017-10-10,74118,75.1,81.0,69.1,8.4,0.21,Tuesday,10,False,False,False,False,True,False,2017,1562,5640.009999999999,0,1
2017-10-11,63589,70.8,81.0,68.0,7.0,0.0,Wednesday,10,False,False,False,False,False,True,2017,1563,5012.639999999999,0,0
2017-10-12,61248,62.7,78.1,59.0,14.4,0.07,Thursday,10,False,False,False,True,False,False,2017,1564,3931.2900000000004,0,1
2017-10-13,67020,59.1,68.0,53.1,11.2,0.03,Friday,10,False,False,False,False,False,False,2017,1565,3492.81,0,1
2017-10-14,58777,65.7,73.0,53.1,6.6,0.03,Saturday,10,False,True,False,False,False,False,2017,1566,4316.490000000001,1,1
2017-10-15,56529,69.8,75.0,62.1,6.8,0.0,Sunday,10,False,False,True,False,False,False,2017,1567,4872.04,1,0
2017-10-16,61730,62.6,75.0,55.0,14.0,0.01,Monday,10,True,False,False,False,False,False,2017,1568,3918.76,0,1
2017-10-17,64480,51.8,71.1,45.0,8.7,0.0,Tuesday,10,False,False,False,False,True,False,2017,1569,2683.24,0,0
2017-10-18,70234,60.0,73.9,45.0,6.2,0.0,Wednesday,10,False,False,False,False,False,True,2017,1570,3600.0,0,0
2017-10-19,72311,64.7,73.9,52.0,7.9,0.0,Thursday,10,False,False,False,True,False,False,2017,1571,4186.09,0,0
2017-10-20,72173,66.9,73.9,57.9,9.7,0.0,Friday,10,False,False,False,False,False,False,2017,1572,4475.610000000001,0,0
2017-10-21,65874,67.7,79.0,59.0,4.6,0.0,Saturday,10,False,True,False,False,False,False,2017,1573,4583.29,1,0
2017-10-22,62150,66.7,75.9,57.9,4.5,0.0,Sunday,10,False,False,True,False,False,False,2017,1574,4448.89,1,0
2017-10-23,69274,66.9,75.9,57.9,7.1,0.0,Monday,10,True,False,False,False,False,False,2017,1575,4475.610000000001,0,0
2017-10-24,48077,70.8,75.9,61.0,17.4,0.04,Tuesday,10,False,False,False,False,True,False,2017,1576,5012.639999999999,0,1
2017-10-25,71287,64.8,75.9,61.0,5.5,0.09,Wednesday,10,False,False,False,False,False,True,2017,1577,4199.04,0,1
2017-10-26,64003,58.0,68.0,53.1,10.5,0.0,Thursday,10,False,False,False,True,False,False,2017,1578,3364.0,0,0
2017-10-27,69268,55.7,63.0,51.1,8.9,0.0,Friday,10,False,False,False,False,False,False,2017,1579,3102.4900000000002,0,0
2017-10-28,61348,60.9,68.0,51.1,9.0,0.0,Saturday,10,False,True,False,False,False,False,2017,1580,3708.81,1,0
2017-10-29,9537,64.0,68.0,54.0,10.3,0.1,Sunday,10,False,False,True,False,False,False,2017,1581,4096.0,1,1
2017-10-30,49247,57.1,68.0,46.9,15.9,2.79,Monday,10,True,False,False,False,False,False,2017,1582,3260.4100000000003,0,1
2017-10-31,60242,53.8,62.1,46.9,13.2,0.05,Tuesday,10,False,False,False,False,True,False,2017,1583,2894.4399999999996,0,1
2017-11-01,60773,51.4,57.9,46.9,7.8,0.0,Wednesday,11,False,False,False,False,False,True,2017,1584,2641.96,0,0
2017-11-02,70810,63.0,72.0,46.9,6.7,0.0,Thursday,11,False,False,False,True,False,False,2017,1585,3969.0,0,0
2017-11-03,71818,66.1,75.0,57.9,7.6,0.0,Friday,11,False,False,False,False,False,False,2017,1586,4369.209999999999,0,0
2017-11-04,53435,53.1,75.0,48.0,10.3,0.0,Saturday,11,False,True,False,False,False,False,2017,1587,2819.61,1,0
2017-11-05,34943,54.8,61.0,48.0,7.8,0.02,Sunday,11,False,False,True,False,False,False,2017,1588,3003.0399999999995,1,1
2017-11-06,57606,62.6,66.0,52.0,7.8,0.08,Monday,11,True,False,False,False,False,False,2017,1589,3918.76,0,1
2017-11-07,36362,48.0,66.0,42.1,10.3,0.0,Tuesday,11,False,False,False,False,True,False,2017,1590,2304.0,0,0
2017-11-08,54211,43.4,51.1,39.9,9.5,0.6,Wednesday,11,False,False,False,False,False,True,2017,1591,1883.56,0,1
2017-11-09,58417,47.6,55.9,39.9,6.5,0.0,Thursday,11,False,False,False,True,False,False,2017,1592,2265.76,0,0
2017-11-10,38432,44.4,55.9,30.9,15.2,0.0,Friday,11,False,False,False,False,False,False,2017,1593,1971.36,0,0
2017-11-11,28142,31.0,37.9,26.1,11.3,0.0,Saturday,11,False,True,False,False,False,False,2017,1594,961.0,1,0
2017-11-12,32471,39.5,46.9,26.1,4.3,0.0,Sunday,11,False,False,True,False,False,False,2017,1595,1560.25,1,0
2017-11-13,38753,45.4,50.0,34.0,6.2,0.0,Monday,11,True,False,False,False,False,False,2017,1596,2061.16,0,0
2017-11-14,52279,43.0,50.0,39.0,8.3,0.05,Tuesday,11,False,False,False,False,True,False,2017,1597,1849.0,0,1
2017-11-15,54230,43.5,51.1,37.9,7.4,0.0,Wednesday,11,False,False,False,False,False,True,2017,1598,1892.25,0,0
2017-11-16,49737,52.2,59.0,37.9,10.2,0.7,Thursday,11,False,False,False,True,False,False,2017,1599,2724.84,0,1
2017-11-17,48991,45.5,59.0,41.0,16.8,0.08,Friday,11,False,False,False,False,False,False,2017,1600,2070.25,0,1
2017-11-18,27745,44.0,52.0,36.0,7.2,0.0,Saturday,11,False,True,False,False,False,False,2017,1601,1936.0,1,0
2017-11-19,31598,53.5,60.1,36.0,15.7,0.33,Sunday,11,False,False,True,False,False,False,2017,1602,2862.25,1,1
2017-11-20,45121,43.1,60.1,37.0,13.1,0.02,Monday,11,True,False,False,False,False,False,2017,1603,1857.6100000000001,0,1
2017-11-21,52451,49.1,59.0,37.0,11.2,0.0,Tuesday,11,False,False,False,False,True,False,2017,1604,2410.81,0,0
2017-11-22,32298,51.7,59.0,43.0,8.7,0.0,Wednesday,11,False,False,False,False,False,True,2017,1605,2672.8900000000003,0,0
2017-11-23,13705,38.7,55.0,34.0,10.9,0.16,Thursday,11,False,False,False,True,False,False,2017,1606,1497.6900000000003,0,1
2017-11-24,23724,43.0,51.1,34.0,5.7,0.0,Friday,11,False,False,False,False,False,False,2017,1607,1849.0,0,0
2017-11-25,30518,48.6,57.9,37.0,6.9,0.0,Saturday,11,False,True,False,False,False,False,2017,1608,2361.96,1,0
2017-11-26,27181,49.3,57.9,42.1,13.0,0.0,Sunday,11,False,False,True,False,False,False,2017,1609,2430.49,1,0
2017-11-27,46733,45.3,53.1,42.1,12.9,0.0,Monday,11,True,False,False,False,False,False,2017,1610,2052.0899999999997,0,0
2017-11-28,51170,44.0,53.1,37.0,8.1,0.0,Tuesday,11,False,False,False,False,True,False,2017,1611,1936.0,0,0
2017-11-29,55295,54.4,64.0,37.0,10.4,0.0,Wednesday,11,False,False,False,False,False,True,2017,1612,2959.3599999999997,0,0
2017-11-30,51700,44.2,64.0,39.9,7.3,0.0,Thursday,11,False,False,False,True,False,False,2017,1613,1953.6400000000003,0,0
2017-12-01,50708,50.4,54.0,39.9,9.3,0.02,Friday,12,False,False,False,False,False,False,2017,1614,2540.16,0,1
2017-12-02,38923,44.2,53.1,39.9,5.5,0.0,Saturday,12,False,True,False,False,False,False,2017,1615,1953.6400000000003,1,0
2017-12-03,33728,45.3,48.0,39.9,5.0,0.0,Sunday,12,False,False,True,False,False,False,2017,1616,2052.0899999999997,1,0
2017-12-04,49630,45.5,52.0,39.9,5.0,0.0,Monday,12,True,False,False,False,False,False,2017,1617,2070.25,0,0
2017-12-05,41792,53.8,60.1,39.9,11.4,0.0,Tuesday,12,False,False,False,False,True,False,2017,1618,2894.4399999999996,0,0
2017-12-06,46335,50.1,60.1,41.0,11.9,0.69,Wednesday,12,False,False,False,False,False,True,2017,1619,2510.01,0,1
2017-12-07,45367,42.7,59.0,39.9,13.2,0.0,Thursday,12,False,False,False,True,False,False,2017,1620,1823.2900000000002,0,0
2017-12-08,41330,39.1,46.0,36.0,8.7,0.0,Friday,12,False,False,False,False,False,False,2017,1621,1528.8100000000002,0,0
2017-12-09,10804,35.2,41.0,30.9,6.8,0.0,Saturday,12,False,True,False,False,False,False,2017,1622,1239.0400000000002,1,0
2017-12-10,19815,35.0,39.9,30.9,10.9,0.34,Sunday,12,False,False,True,False,False,False,2017,1623,1225.0,1,1
2017-12-11,41838,38.0,43.0,32.0,9.4,0.0,Monday,12,True,False,False,False,False,False,2017,1624,1444.0,0,0
2017-12-12,42620,44.5,51.8,39.0,9.6,0.0,Tuesday,12,False,False,False,False,True,False,2017,1625,1980.25,0,0
2017-12-13,32623,29.2,51.1,21.9,21.0,0.0,Wednesday,12,False,False,False,False,False,True,2017,1626,852.64,0,0
2017-12-14,27495,28.3,33.1,21.9,11.2,0.05,Thursday,12,False,False,False,True,False,False,2017,1627,800.89,0,1
2017-12-15,22944,25.5,33.1,23.0,6.5,0.02,Friday,12,False,False,False,False,False,False,2017,1628,650.25,0,1
2017-12-16,19060,30.9,39.9,23.0,12.9,0.13,Saturday,12,False,True,False,False,False,False,2017,1629,954.81,1,1
2017-12-17,22403,35.7,39.9,25.0,5.9,0.0,Sunday,12,False,False,True,False,False,False,2017,1630,1274.4900000000002,1,0
2017-12-18,40168,38.4,46.9,33.1,5.7,0.02,Monday,12,True,False,False,False,False,False,2017,1631,1474.56,0,1
2017-12-19,49503,50.2,55.9,34.0,10.9,0.0,Tuesday,12,False,False,False,False,True,False,2017,1632,2520.0400000000004,0,0
2017-12-20,41463,47.7,55.9,39.9,14.3,0.0,Wednesday,12,False,False,False,False,False,True,2017,1633,2275.2900000000004,0,0
2017-12-21,37592,37.2,53.1,34.0,9.2,0.0,Thursday,12,False,False,False,True,False,False,2017,1634,1383.8400000000001,0,0
2017-12-22,34341,40.1,51.1,34.0,6.3,0.0,Friday,12,False,False,False,False,False,False,2017,1635,1608.0100000000002,0,0
2017-12-23,9608,41.2,53.1,36.0,7.4,0.05,Saturday,12,False,True,False,False,False,False,2017,1636,1697.4400000000003,1,1
2017-12-24,13216,40.3,53.1,37.0,10.1,0.49,Sunday,12,False,False,True,False,False,False,2017,1637,1624.0899999999997,1,1
2017-12-25,6479,36.3,41.0,32.0,15.8,0.23,Monday,12,True,False,False,False,False,False,2017,1638,1317.6899999999998,0,1
2017-12-26,14113,27.0,39.0,24.1,16.4,0.22,Tuesday,12,False,False,False,False,True,False,2017,1639,729.0,0,1
2017-12-27,16365,22.8,28.9,19.0,10.5,0.0,Wednesday,12,False,False,False,False,False,True,2017,1640,519.84,0,0
2017-12-28,13420,17.3,25.0,14.0,15.2,0.0,Thursday,12,False,False,False,True,False,False,2017,1641,299.29,0,0
2017-12-29,13759,15.5,21.9,12.0,12.0,0.0,Friday,12,False,False,False,False,False,False,2017,1642,240.25,0,0
2017-12-30,5956,20.0,23.0,18.0,7.8,0.0,Saturday,12,False,True,False,False,False,False,2017,1643,400.0,1,0
2017-12-31,6569,22.0,23.0,19.9,13.6,0.48,Sunday,12,False,False,True,False,False,False,2017,1644,484.0,1,1
2018-01-01,5500,12.6,21.9,8.1,15.1,0.0,Monday,1,True,False,False,False,False,False,2018,1645,158.76,0,0
2018-01-02,18818,18.4,26.1,8.1,12.3,0.0,Tuesday,1,False,False,False,False,True,False,2018,1646,338.55999999999995,0,0
2018-01-03,24299,22.6,30.0,14.0,7.5,0.0,Wednesday,1,False,False,False,False,False,True,2018,1647,510.76000000000005,0,0
2018-01-04,1922,26.1,30.0,17.1,17.0,0.02,Thursday,1,False,False,False,True,False,False,2018,1648,681.21,0,1
2018-01-05,4972,16.7,28.9,10.0,22.4,0.0,Friday,1,False,False,False,False,False,False,2018,1649,278.89,0,0
2018-01-06,4295,11.8,19.9,8.1,19.8,0.0,Saturday,1,False,True,False,False,False,False,2018,1650,139.24,1,0
2018-01-07,5640,10.8,18.0,6.1,11.7,0.0,Sunday,1,False,False,True,False,False,False,2018,1651,116.64000000000001,1,0
2018-01-08,15821,22.2,30.9,6.1,9.4,0.0,Monday,1,True,False,False,False,False,False,2018,1652,492.84,0,0
2018-01-09,25091,35.5,43.0,18.0,11.2,0.0,Tuesday,1,False,False,False,False,True,False,2018,1653,1260.25,0,0
2018-01-10,28252,34.2,43.0,26.1,6.1,0.0,Wednesday,1,False,False,False,False,False,True,2018,1654,1169.64,0,0
2018-01-11,33961,40.1,46.9,26.1,4.8,0.0,Thursday,1,False,False,False,True,False,False,2018,1655,1608.0100000000002,0,0
2018-01-12,22254,47.9,60.1,35.1,9.4,0.01,Friday,1,False,False,False,False,False,False,2018,1656,2294.41,0,1
2018-01-13,17760,41.7,60.1,25.0,14.4,0.79,Saturday,1,False,True,False,False,False,False,2018,1657,1738.8900000000003,1,1
2018-01-14,12399,20.0,25.0,16.0,13.8,0.11,Sunday,1,False,False,True,False,False,False,2018,1658,400.0,1,1
2018-01-15,17637,21.6,30.0,15.1,12.2,0.0,Monday,1,True,False,False,False,False,False,2018,1659,466.56000000000006,0,0
2018-01-16,30278,27.9,33.1,16.0,6.9,0.0,Tuesday,1,False,False,False,False,True,False,2018,1660,778.41,0,0
2018-01-17,19010,33.8,36.0,24.1,7.9,0.05,Wednesday,1,False,False,False,False,False,True,2018,1661,1142.4399999999998,0,1
2018-01-18,27662,26.0,36.0,19.9,12.4,0.12,Thursday,1,False,False,False,True,False,False,2018,1662,676.0,0,1
2018-01-19,30525,31.2,39.0,19.9,9.6,0.0,Friday,1,False,False,False,False,False,False,2018,1663,973.4399999999999,0,0
2018-01-20,28507,43.4,54.0,26.1,11.0,0.0,Saturday,1,False,True,False,False,False,False,2018,1664,1883.56,1,0
2018-01-21,27908,46.1,54.0,37.0,5.3,0.0,Sunday,1,False,False,True,False,False,False,2018,1665,2125.21,1,0
2018-01-22,36865,42.1,52.0,37.9,7.1,0.0,Monday,1,True,False,False,False,False,False,2018,1666,1772.41,0,0
2018-01-23,28797,44.8,59.0,35.6,9.1,0.03,Tuesday,1,False,False,False,False,True,False,2018,1667,2007.0399999999997,0,1
2018-01-24,36078,42.9,60.1,34.0,14.2,0.28,Wednesday,1,False,False,False,False,False,True,2018,1668,1840.4099999999999,0,1
2018-01-25,31147,29.5,45.0,24.1,14.6,0.0,Thursday,1,False,False,False,True,False,False,2018,1669,870.25,0,0
2018-01-26,33073,32.0,39.0,24.1,6.6,0.0,Friday,1,False,False,False,False,False,False,2018,1670,1024.0,0,0
2018-01-27,34351,42.1,57.0,28.0,7.8,0.0,Saturday,1,False,True,False,False,False,False,2018,1671,1772.41,1,0
2018-01-28,20101,50.3,57.0,35.1,6.4,0.19,Sunday,1,False,False,True,False,False,False,2018,1672,2530.0899999999997,1,1
2018-01-29,36799,42.8,54.0,39.0,8.8,0.08,Monday,1,True,False,False,False,False,False,2018,1673,1831.8399999999997,0,1
2018-01-30,27996,34.2,44.1,30.0,11.2,0.06,Tuesday,1,False,False,False,False,True,False,2018,1674,1169.64,0,1
2018-01-31,31276,26.2,37.0,19.0,13.0,0.0,Wednesday,1,False,False,False,False,False,True,2018,1675,686.4399999999999,0,0
2018-02-01,35561,36.9,45.0,19.0,8.1,0.0,Thursday,2,False,False,False,True,False,False,2018,1676,1361.61,0,0
2018-02-02,26313,33.4,45.0,21.9,13.7,0.23,Friday,2,False,False,False,False,False,False,2018,1677,1115.56,0,1
2018-02-03,18385,22.4,39.0,17.1,13.5,0.18,Saturday,2,False,True,False,False,False,False,2018,1678,501.75999999999993,1,1
2018-02-04,13959,34.8,45.0,17.1,8.2,0.0,Sunday,2,False,False,True,False,False,False,2018,1679,1211.0399999999997,1,0
2018-02-05,29068,37.4,46.9,30.0,12.6,1.01,Monday,2,True,False,False,False,False,False,2018,1680,1398.76,0,1
2018-02-06,34102,31.6,41.0,28.0,6.1,0.0,Tuesday,2,False,False,False,False,True,False,2018,1681,998.5600000000001,0,0
2018-02-07,15289,32.8,46.9,28.0,8.3,0.0,Wednesday,2,False,False,False,False,False,True,2018,1682,1075.84,0,0
2018-02-08,31564,32.8,46.9,26.1,12.9,0.85,Thursday,2,False,False,False,True,False,False,2018,1683,1075.84,0,1
2018-02-09,31567,30.8,36.0,26.1,8.2,0.0,Friday,2,False,False,False,False,False,False,2018,1684,948.6400000000001,0,0
2018-02-10,16324,42.0,51.1,28.0,5.5,0.0,Saturday,2,False,True,False,False,False,False,2018,1685,1764.0,1,0
2018-02-11,8809,45.6,60.1,37.9,4.7,0.82,Sunday,2,False,False,True,False,False,False,2018,1686,2079.36,1,1
2018-02-12,35139,48.1,63.0,41.0,11.4,0.99,Monday,2,True,False,False,False,False,False,2018,1687,2313.61,0,1
2018-02-13,35189,33.0,41.0,27.0,9.9,0.0,Tuesday,2,False,False,False,False,True,False,2018,1688,1089.0,0,0
2018-02-14,39591,40.5,54.0,27.0,6.8,0.01,Wednesday,2,False,False,False,False,False,True,2018,1689,1640.25,0,1
2018-02-15,44193,51.0,61.0,36.0,6.8,0.13,Thursday,2,False,False,False,True,False,False,2018,1690,2601.0,0,1
2018-02-16,29191,56.1,61.0,44.1,9.1,0.16,Friday,2,False,False,False,False,False,False,2018,1691,3147.21,0,1
2018-02-17,17921,36.0,59.0,30.0,11.3,0.05,Saturday,2,False,True,False,False,False,False,2018,1692,1296.0,1,1
2018-02-18,21538,37.6,45.0,30.0,8.8,0.62,Sunday,2,False,False,True,False,False,False,2018,1693,1413.7600000000002,1,1
2018-02-19,25677,41.5,48.9,33.1,5.6,0.02,Monday,2,True,False,False,False,False,False,2018,1694,1722.25,0,1
2018-02-20,44480,53.9,70.0,33.1,6.9,0.03,Tuesday,2,False,False,False,False,True,False,2018,1695,2905.21,0,1
2018-02-21,53115,61.8,79.0,46.9,7.7,0.0,Wednesday,2,False,False,False,False,False,True,2018,1696,3819.24,0,0
2018-02-22,27010,50.6,79.0,37.9,10.1,0.02,Thursday,2,False,False,False,True,False,False,2018,1697,2560.36,0,1
2018-02-23,25634,37.8,41.0,37.0,9.1,0.11,Friday,2,False,False,False,False,False,False,2018,1698,1428.8399999999997,0,1
2018-02-24,25550,46.7,54.0,36.0,7.4,0.07,Saturday,2,False,True,False,False,False,False,2018,1699,2180.8900000000003,1,1
2018-02-25,16150,42.3,54.0,39.9,9.6,0.62,Sunday,2,False,False,True,False,False,False,2018,1700,1789.2899999999997,1,1
2018-02-26,42570,46.1,52.0,39.9,6.4,0.22,Monday,2,True,False,False,False,False,False,2018,1701,2125.21,0,1
2018-02-27,48516,47.3,57.0,39.9,7.5,0.0,Tuesday,2,False,False,False,False,True,False,2018,1702,2237.2899999999995,0,0
2018-02-28,50709,49.5,62.1,39.9,9.2,0.0,Wednesday,2,False,False,False,False,False,True,2018,1703,2450.25,0,0
2018-03-01,45564,54.5,62.1,42.1,6.0,0.0,Thursday,3,False,False,False,True,False,False,2018,1704,2970.25,0,0
2018-03-02,6855,41.9,57.9,35.6,19.1,1.47,Friday,3,False,False,False,False,False,False,2018,1705,1755.61,0,1
2018-03-03,28364,40.6,46.9,36.0,20.1,0.71,Saturday,3,False,True,False,False,False,False,2018,1706,1648.3600000000001,1,1
2018-03-04,25262,41.9,46.9,37.9,16.6,0.0,Sunday,3,False,False,True,False,False,False,2018,1707,1755.61,1,0
2018-03-05,36774,37.5,44.1,35.1,15.7,0.0,Monday,3,True,False,False,False,False,False,2018,1708,1406.25,0,0
2018-03-06,42689,39.5,46.9,34.0,8.2,0.0,Tuesday,3,False,False,False,False,True,False,2018,1709,1560.25,0,0
2018-03-07,8188,36.6,41.0,33.8,14.7,0.1,Wednesday,3,False,False,False,False,False,True,2018,1710,1339.5600000000002,0,1
2018-03-08,28440,37.4,42.1,34.0,12.7,0.8,Thursday,3,False,False,False,True,False,False,2018,1711,1398.76,0,1
2018-03-09,34912,36.8,44.1,30.9,14.0,0.0,Friday,3,False,False,False,False,False,False,2018,1712,1354.2399999999998,0,0
2018-03-10,25444,37.4,44.1,30.9,14.0,0.0,Saturday,3,False,True,False,False,False,False,2018,1713,1398.76,1,0
2018-03-11,27597,38.9,46.0,33.1,10.3,0.0,Sunday,3,False,False,True,False,False,False,2018,1714,1513.2099999999998,1,0
2018-03-12,36340,38.2,46.0,33.1,10.5,0.0,Monday,3,True,False,False,False,False,False,2018,1715,1459.2400000000002,0,0
2018-03-13,23137,37.3,43.0,33.1,14.1,0.21,Tuesday,3,False,False,False,False,True,False,2018,1716,1391.2899999999997,0,1
2018-03-14,35377,36.7,42.1,32.0,16.3,0.05,Wednesday,3,False,False,False,False,False,True,2018,1717,1346.89,0,1
2018-03-15,39574,38.6,48.0,32.0,15.0,0.0,Thursday,3,False,False,False,True,False,False,2018,1718,1489.96,0,0
2018-03-16,34921,37.6,48.0,34.0,16.7,0.0,Friday,3,False,False,False,False,False,False,2018,1719,1413.7600000000002,0,0
2018-03-17,27672,36.4,48.0,28.9,14.8,0.0,Saturday,3,False,True,False,False,False,False,2018,1720,1324.9599999999998,1,0
2018-03-18,25158,37.4,48.0,28.9,11.6,0.0,Sunday,3,False,False,True,False,False,False,2018,1721,1398.76,1,0
2018-03-19,39278,39.8,46.9,30.0,7.0,0.0,Monday,3,True,False,False,False,False,False,2018,1722,1584.0399999999997,0,0
2018-03-20,35532,35.9,46.9,30.9,9.8,0.0,Tuesday,3,False,False,False,False,True,False,2018,1723,1288.81,0,0
2018-03-21,3755,35.7,39.9,30.9,15.1,0.0,Wednesday,3,False,False,False,False,False,True,2018,1724,1274.4900000000002,0,0
2018-03-22,27308,39.6,51.1,32.0,13.8,0.64,Thursday,3,False,False,False,True,False,False,2018,1725,1568.16,0,1
2018-03-23,38528,42.7,51.1,33.1,11.0,0.01,Friday,3,False,False,False,False,False,False,2018,1726,1823.2900000000002,0,1
2018-03-24,34398,43.3,51.1,37.0,10.2,0.0,Saturday,3,False,True,False,False,False,False,2018,1727,1874.8899999999996,1,0
2018-03-25,25562,40.4,51.1,35.1,11.0,0.0,Sunday,3,False,False,True,False,False,False,2018,1728,1632.1599999999999,1,0
2018-03-26,40295,40.4,50.0,34.0,9.1,0.0,Monday,3,True,False,False,False,False,False,2018,1729,1632.1599999999999,0,0
2018-03-27,41354,39.4,50.0,34.0,5.8,0.0,Tuesday,3,False,False,False,False,True,False,2018,1730,1552.36,0,0
2018-03-28,42520,43.7,52.0,35.1,5.5,0.04,Wednesday,3,False,False,False,False,False,True,2018,1731,1909.6900000000003,0,1
2018-03-29,39293,49.6,53.1,39.0,5.2,0.03,Thursday,3,False,False,False,True,False,False,2018,1732,2460.1600000000003,0,1
2018-03-30,34787,50.1,60.1,43.0,6.3,0.02,Friday,3,False,False,False,False,False,False,2018,1733,2510.01,0,1
2018-03-31,41794,47.1,60.1,39.9,10.7,0.04,Saturday,3,False,True,False,False,False,False,2018,1734,2218.4100000000003,1,1
2018-04-01,33149,50.4,59.0,39.9,11.0,0.0,Sunday,4,False,False,True,False,False,False,2018,1735,2540.16,1,0
2018-04-02,22063,39.8,59.0,32.0,8.1,0.4,Monday,4,True,False,False,False,False,False,2018,1736,1584.0399999999997,0,1
2018-04-03,25881,40.8,44.1,32.0,7.0,0.15,Tuesday,4,False,False,False,False,True,False,2018,1737,1664.6399999999999,0,1
2018-04-04,36753,45.9,57.0,39.0,9.3,0.28,Wednesday,4,False,False,False,False,False,True,2018,1738,2106.81,0,1
2018-04-05,39814,41.6,57.0,35.1,18.2,0.11,Thursday,4,False,False,False,True,False,False,2018,1739,1730.5600000000002,0,1
2018-04-06,35624,44.8,62.1,35.1,10.7,0.0,Friday,4,False,False,False,False,False,False,2018,1740,2007.0399999999997,0,0
2018-04-07,33245,45.7,62.1,37.0,10.5,0.09,Saturday,4,False,True,False,False,False,False,2018,1741,2088.4900000000002,1,1
2018-04-08,28410,38.9,48.9,33.1,12.2,0.0,Sunday,4,False,False,True,False,False,False,2018,1742,1513.2099999999998,1,0
2018-04-09,40509,38.7,48.9,33.1,10.6,0.0,Monday,4,True,False,False,False,False,False,2018,1743,1497.6900000000003,0,0
2018-04-10,43051,43.2,50.0,33.1,7.9,0.0,Tuesday,4,False,False,False,False,True,False,2018,1744,1866.2400000000002,0,0
2018-04-11,48612,44.4,52.0,37.9,6.9,0.0,Wednesday,4,False,False,False,False,False,True,2018,1745,1971.36,0,0
2018-04-12,53168,50.6,60.1,37.9,8.1,0.0,Thursday,4,False,False,False,True,False,False,2018,1746,2560.36,0,0
2018-04-13,63510,65.4,82.0,46.0,11.1,0.0,Friday,4,False,False,False,False,False,False,2018,1747,4277.160000000001,0,0
2018-04-14,62597,61.6,82.0,51.1,9.4,0.0,Saturday,4,False,True,False,False,False,False,2018,1748,3794.5600000000004,1,0
2018-04-15,20440,44.4,69.1,39.0,18.4,0.0,Sunday,4,False,False,True,False,False,False,2018,1749,1971.36,1,0
2018-04-16,26289,46.6,61.0,39.0,18.1,1.24,Monday,4,True,False,False,False,False,False,2018,1750,2171.56,0,1
2018-04-17,44689,46.2,61.0,39.9,13.8,1.62,Tuesday,4,False,False,False,False,True,False,2018,1751,2134.44,0,1
2018-04-18,51110,44.7,55.0,39.0,11.6,0.0,Wednesday,4,False,False,False,False,False,True,2018,1752,1998.0900000000001,0,0
2018-04-19,38298,46.2,55.0,39.0,9.9,0.07,Thursday,4,False,False,False,True,False,False,2018,1753,2134.44,0,1
2018-04-20,47052,43.2,50.0,37.9,16.3,0.08,Friday,4,False,False,False,False,False,False,2018,1754,1866.2400000000002,0,1
2018-04-21,63599,48.8,62.1,37.9,10.4,0.0,Saturday,4,False,True,False,False,False,False,2018,1755,2381.4399999999996,1,0
2018-04-22,54284,55.2,64.9,41.0,8.1,0.0,Sunday,4,False,False,True,False,False,False,2018,1756,3047.0400000000004,1,0
2018-04-23,57767,53.5,64.9,45.0,7.8,0.0,Monday,4,True,False,False,False,False,False,2018,1757,2862.25,0,0
2018-04-24,58527,54.8,66.0,45.0,7.9,0.0,Tuesday,4,False,False,False,False,True,False,2018,1758,3003.0399999999995,0,0
2018-04-25,31214,56.1,66.0,46.0,10.4,0.42,Wednesday,4,False,False,False,False,False,True,2018,1759,3147.21,0,1
2018-04-26,66077,59.6,70.0,50.0,9.9,0.29,Thursday,4,False,False,False,True,False,False,2018,1760,3552.1600000000003,0,1
2018-04-27,39154,54.5,70.0,48.9,8.1,0.17,Friday,4,False,False,False,False,False,False,2018,1761,2970.25,0,1
2018-04-28,56745,56.7,66.0,48.9,6.2,0.05,Saturday,4,False,True,False,False,False,False,2018,1762,3214.8900000000003,1,1
2018-04-29,44837,54.2,66.0,50.0,10.6,0.22,Sunday,4,False,False,True,False,False,False,2018,1763,2937.6400000000003,1,1
2018-04-30,41075,49.0,57.9,44.1,15.8,0.15,Monday,4,True,False,False,False,False,False,2018,1764,2401.0,0,1
2018-05-01,72035,60.3,82.0,44.1,7.8,0.0,Tuesday,5,False,False,False,False,True,False,2018,1765,3636.0899999999997,0,0
2018-05-02,76773,76.9,89.1,66.0,10.3,0.0,Wednesday,5,False,False,False,False,False,True,2018,1766,5913.610000000001,0,0
2018-05-03,69056,82.3,93.0,64.9,10.8,0.0,Thursday,5,False,False,False,True,False,False,2018,1767,6773.29,0,0
2018-05-04,71199,75.8,93.0,68.0,5.5,0.01,Friday,5,False,False,False,False,False,False,2018,1768,5745.639999999999,0,1
2018-05-05,63329,70.3,84.0,61.0,11.2,0.0,Saturday,5,False,True,False,False,False,False,2018,1769,4942.089999999999,1,0
2018-05-06,48993,62.6,75.9,57.0,7.6,0.0,Sunday,5,False,False,True,False,False,False,2018,1770,3918.76,1,0
2018-05-07,68917,62.1,75.0,54.0,5.6,0.0,Monday,5,True,False,False,False,False,False,2018,1771,3856.4100000000003,0,0
2018-05-08,74313,61.8,75.0,54.0,5.9,0.0,Tuesday,5,False,False,False,False,True,False,2018,1772,3819.24,0,0
2018-05-09,78458,63.5,73.9,54.0,4.8,0.0,Wednesday,5,False,False,False,False,False,True,2018,1773,4032.25,0,0
2018-05-10,67455,59.4,73.9,54.0,6.5,0.0,Thursday,5,False,False,False,True,False,False,2018,1774,3528.3599999999997,0,0
2018-05-11,75266,65.1,73.0,55.9,8.3,0.19,Friday,5,False,False,False,False,False,False,2018,1775,4238.009999999999,0,1
2018-05-12,34535,59.2,73.0,54.0,7.3,0.06,Saturday,5,False,True,False,False,False,False,2018,1776,3504.6400000000003,1,1
2018-05-13,25986,53.6,64.0,52.0,7.3,0.14,Sunday,5,False,False,True,False,False,False,2018,1777,2872.96,1,1
2018-05-14,64729,58.4,71.1,52.0,5.0,0.1,Monday,5,True,False,False,False,False,False,2018,1778,3410.56,0,1
2018-05-15,52826,69.1,91.9,52.0,9.4,0.02,Tuesday,5,False,False,False,False,True,False,2018,1779,4774.8099999999995,0,1
2018-05-16,32766,62.9,70.0,55.9,6.7,0.44,Wednesday,5,False,False,False,False,False,True,2018,1780,3956.41,0,1
2018-05-17,49789,60.2,73.4,55.0,6.0,0.64,Thursday,5,False,False,False,True,False,False,2018,1781,3624.0400000000004,0,1
2018-05-18,63113,64.9,73.0,55.0,8.9,0.02,Friday,5,False,False,False,False,False,False,2018,1782,4212.010000000001,0,1
2018-05-19,18026,54.4,66.9,50.0,10.7,0.2,Saturday,5,False,True,False,False,False,False,2018,1783,2959.3599999999997,1,1
2018-05-20,56949,66.7,84.0,50.0,7.1,0.44,Sunday,5,False,False,True,False,False,False,2018,1784,4448.89,1,1
2018-05-21,71220,68.9,84.0,55.0,7.6,0.0,Monday,5,True,False,False,False,False,False,2018,1785,4747.210000000001,0,0
2018-05-22,48508,64.6,79.0,55.9,5.0,0.0,Tuesday,5,False,False,False,False,True,False,2018,1786,4173.159999999999,0,0
2018-05-23,72655,66.2,82.0,55.9,5.1,0.42,Wednesday,5,False,False,False,False,False,True,2018,1787,4382.4400000000005,0,1
2018-05-24,74810,74.5,86.0,57.0,7.6,0.21,Thursday,5,False,False,False,True,False,False,2018,1788,5550.25,0,1
2018-05-25,69345,77.9,89.1,66.0,9.6,0.0,Friday,5,False,False,False,False,False,False,2018,1789,6068.410000000001,0,0
2018-05-26,51597,82.3,91.9,68.0,9.3,0.0,Saturday,5,False,True,False,False,False,False,2018,1790,6773.29,1,0
2018-05-27,25814,68.8,91.9,59.0,11.2,0.12,Sunday,5,False,False,True,False,False,False,2018,1791,4733.44,1,1
2018-05-28,49043,60.2,82.0,55.9,8.3,0.41,Monday,5,True,False,False,False,False,False,2018,1792,3624.0400000000004,0,1
2018-05-29,69090,72.8,87.1,55.9,6.0,0.0,Tuesday,5,False,False,False,False,True,False,2018,1793,5299.839999999999,0,0
2018-05-30,72321,69.0,87.1,63.0,7.8,0.0,Wednesday,5,False,False,False,False,False,True,2018,1794,4761.0,0,0
2018-05-31,55794,64.0,77.0,60.1,7.1,0.0,Thursday,5,False,False,False,True,False,False,2018,1795,4096.0,0,0
