ride_date,num_rides,avg_duration_min,temp_f,max_temp_f,min_temp_f,wind_speed_knots,precip_in,day_of_week,month
2013-07-01,16650,16.309987987987991,74.8,78.1,73.4,7.8,0.0,Monday,7
2013-07-02,22745,15.968826115629808,76.1,82.9,73.0,8.0,0.73,Tuesday,7
2013-07-03,21864,16.238808086351995,78.5,84.9,73.9,8.8,0.06,Wednesday,7
2013-07-04,22326,21.2184739765296,82.0,91.0,73.9,8.6,0.96,Thursday,7
2013-07-05,21842,18.040443488081063,84.4,93.0,75.9,9.0,0.0,Friday,7
2013-07-06,20467,19.32626178726731,87.0,95.0,77.0,9.3,0.0,Saturday,7
2013-07-07,20477,18.638323484885486,88.8,98.1,79.0,8.8,0.0,Sunday,7
2013-07-08,21615,21.492164392011723,83.7,98.1,75.0,8.9,0.0,Monday,7
2013-07-09,26641,16.098854522477883,82.6,91.0,75.0,6.0,0.0,Tuesday,7
2013-07-10,25732,15.531954375874395,82.0,91.0,75.0,8.7,0.08,Wednesday,7
2013-07-11,24417,16.828634421373085,82.3,91.0,75.0,7.6,0.02,Thursday,7
2013-07-12,19006,15.635127503595353,75.4,86.0,72.0,9.1,0.0,Friday,7
2013-07-13,26119,18.615661013055622,71.4,78.1,68.0,10.5,0.23,Saturday,7
2013-07-14,29287,19.362671151022642,80.2,93.9,69.1,6.0,0.01,Sunday,7
2013-07-15,28069,15.31828232807249,87.2,93.9,72.0,7.8,0.0,Monday,7
2013-07-16,29842,15.128550923753995,86.5,93.9,79.0,7.9,0.0,Tuesday,7
2013-07-17,30550,14.669449536279325,87.4,97.0,78.1,4.0,0.0,Wednesday,7
2013-07-18,28869,14.380492338956435,89.3,100.0,78.1,6.3,0.0,Thursday,7
2013-07-19,26591,14.671052862497334,92.5,100.0,82.9,8.9,0.0,Friday,7
2013-07-20,25278,17.94782155761267,89.2,100.0,82.9,11.3,0.0,Saturday,7
2013-07-21,30297,18.707899021905359,82.2,95.0,77.0,7.6,0.0,Sunday,7
2013-07-22,25979,14.700189255424252,77.1,87.1,75.0,8.3,0.0,Monday,7
2013-07-23,32376,15.737208117123792,80.0,91.0,75.0,7.4,0.58,Tuesday,7
2013-07-24,35271,15.592202753914925,79.9,91.0,75.0,7.8,0.31,Wednesday,7
2013-07-25,31084,14.937073199502425,68.0,82.9,64.0,11.7,0.0,Thursday,7
2013-07-26,34534,15.667923881778343,71.5,84.0,64.0,8.6,0.02,Friday,7
2013-07-27,32470,18.914398419053487,76.9,84.0,64.9,8.5,0.0,Saturday,7
2013-07-28,23508,17.5435731098633,74.8,84.0,71.1,7.6,0.0,Sunday,7
2013-07-29,34915,15.691451620602413,77.3,89.1,71.1,5.7,0.13,Monday,7
2013-07-30,37334,15.828179853931182,75.9,89.1,70.0,8.7,0.0,Tuesday,7
2013-07-31,37261,15.392547167279456,76.1,82.0,70.0,6.2,0.0,Wednesday,7
2013-08-01,20138,13.377141887641937,73.5,82.0,69.1,7.6,0.0,Thursday,8
2013-08-02,35792,16.090496479660263,75.5,86.0,69.1,7.3,0.5,Friday,8
2013-08-03,29540,18.492146806589933,76.4,86.0,70.0,8.1,0.0,Saturday,8
2013-08-04,35253,19.719960003403958,74.6,81.0,70.0,8.7,0.01,Sunday,8
2013-08-05,36776,16.118436842868544,71.5,81.0,64.0,9.4,0.0,Monday,8
2013-08-06,37702,16.159205081958515,73.9,82.0,64.0,6.3,0.0,Tuesday,8
2013-08-07,34396,14.686894793968287,74.4,82.0,66.9,9.5,0.0,Wednesday,8
2013-08-08,28366,14.319887071376531,75.0,82.0,71.1,9.1,0.16,Thursday,8
2013-08-09,29017,15.138192553790306,78.2,89.1,71.1,9.2,0.08,Friday,8
2013-08-10,37201,20.443239877064226,78.3,89.1,72.0,8.9,0.04,Saturday,8
2013-08-11,33060,19.430590340794506,74.8,84.0,66.9,5.7,0.0,Sunday,8
2013-08-12,31457,15.305080480232276,74.8,82.0,66.9,5.5,0.09,Monday,8
2013-08-13,22437,15.649830636894418,74.0,82.0,70.0,5.3,0.01,Tuesday,8
2013-08-14,38150,15.555132372214944,69.5,78.1,62.1,12.4,0.73,Wednesday,8
2013-08-15,37386,15.29837506018295,69.8,78.1,62.1,8.2,0.0,Thursday,8
2013-08-16,35991,16.389049114130383,72.6,81.0,63.0,3.7,0.0,Friday,8
2013-08-17,37285,20.104246122211794,73.6,81.0,66.9,5.2,0.0,Saturday,8
2013-08-18,27612,16.943679680332227,72.5,81.0,68.0,5.2,0.0,Sunday,8
2013-08-19,33127,14.892281723870763,73.5,80.1,68.0,5.5,0.0,Monday,8
2013-08-20,35843,14.974709148229779,77.5,89.1,68.0,4.5,0.0,Tuesday,8
2013-08-21,36315,15.094893294781775,81.1,90.0,70.0,4.5,0.0,Wednesday,8
2013-08-22,26629,14.405246786085348,77.5,90.0,73.0,5.8,0.0,Thursday,8
2013-08-23,33503,15.743948303137033,76.2,81.0,72.0,9.0,0.24,Friday,8
2013-08-24,32941,18.079671736336685,71.5,81.0,64.0,8.9,0.0,Saturday,8
2013-08-25,31755,19.063203694956169,73.8,82.9,64.0,4.8,0.0,Sunday,8
2013-08-26,29979,15.474954134560862,75.3,84.0,66.9,9.1,0.0,Monday,8
2013-08-27,34208,15.067807725288434,78.3,86.0,70.0,10.6,0.01,Tuesday,8
2013-08-28,28185,14.159055644255222,78.0,86.0,73.0,3.2,0.1,Wednesday,8
2013-08-29,34215,14.313135564323643,74.6,84.9,71.1,7.3,0.0,Thursday,8
2013-08-30,32318,15.444152897250239,75.4,86.0,69.1,7.4,0.0,Friday,8
2013-08-31,25381,17.85857925219652,78.5,86.0,69.1,8.8,0.0,Saturday,8
2013-09-01,25235,18.3748913546001,79.6,86.0,73.0,8.0,0.0,Sunday,9
2013-09-02,21416,16.858852415639397,76.9,80.6,71.6,4.8,0.0,Monday,9
2013-09-03,32411,14.437786553947733,76.2,82.0,72.0,6.7,0.99,Tuesday,9
2013-09-04,36798,15.071607152562644,73.3,82.0,66.0,10.4,0.09,Wednesday,9
2013-09-05,35825,14.598231681786466,74.3,82.0,66.0,9.3,0.0,Thursday,9
2013-09-06,35868,14.809940150923762,64.8,77.0,57.0,7.5,0.0,Friday,9
2013-09-07,34419,17.3758181043416,68.3,79.0,57.0,6.5,0.0,Saturday,9
2013-09-08,33196,17.081960175924806,73.9,80.1,61.0,8.7,0.0,Sunday,9
2013-09-09,35394,15.2624799871918,65.9,80.1,57.9,7.7,0.0,Monday,9
2013-09-10,36954,14.481477873392148,74.8,88.0,57.9,8.8,0.0,Tuesday,9
2013-09-11,35812,14.029129900591975,83.6,93.9,69.1,7.5,0.0,Wednesday,9
2013-09-12,31252,13.678643500149324,80.6,88.0,71.1,8.4,0.0,Thursday,9
2013-09-13,36501,14.655901208186075,71.3,86.0,68.0,9.4,1.3,Friday,9
2013-09-14,31607,16.690705118064567,61.6,77.0,55.9,10.8,0.03,Saturday,9
2013-09-15,31914,17.268670489440371,61.5,73.0,54.0,6.9,0.0,Sunday,9
2013-09-16,31287,13.80418065011027,65.8,73.0,54.0,6.9,0.0,Monday,9
2013-09-17,38283,13.883002028750797,58.2,72.0,48.9,10.1,0.02,Tuesday,9
2013-09-18,37957,13.932727384496493,61.8,71.1,48.9,5.0,0.0,Wednesday,9
2013-09-19,39200,14.114456207482995,65.0,77.0,55.0,5.4,0.0,Thursday,9
2013-09-20,39382,14.811446853892644,68.1,78.1,57.0,5.8,0.0,Friday,9
2013-09-21,31826,17.045906910492469,67.4,78.1,61.0,9.4,0.0,Saturday,9
2013-09-22,29758,16.50093868315523,66.3,75.9,61.0,12.9,0.98,Sunday,9
2013-09-23,35152,13.871636037778789,58.5,68.0,52.0,10.6,0.53,Monday,9
2013-09-24,38417,13.784679525557257,59.1,73.0,50.0,8.0,0.0,Tuesday,9
2013-09-25,38223,13.994420898411951,64.1,73.0,50.0,5.4,0.0,Wednesday,9
2013-09-26,38189,13.785808304311015,63.9,72.0,55.0,6.2,0.0,Thursday,9
2013-09-27,37412,14.230190402366441,61.5,69.1,57.0,6.4,0.0,Friday,9
2013-09-28,34931,17.024874753084649,64.4,73.0,57.0,7.3,0.0,Saturday,9
2013-09-29,32592,16.523521109474714,64.6,73.0,57.9,4.9,0.0,Sunday,9
2013-09-30,37148,13.728397221923116,63.9,73.0,57.9,4.1,0.0,Monday,9
2013-10-01,40575,13.706243992606284,68.9,81.0,57.9,5.5,0.0,Tuesday,10
2013-10-02,41383,13.91375202377788,73.9,84.0,62.1,6.0,0.0,Wednesday,10
2013-10-03,40456,13.724642409860916,72.6,84.0,64.9,4.3,0.0,Thursday,10
2013-10-04,40195,14.673060082099765,74.0,86.0,64.9,4.9,0.0,Friday,10
2013-10-05,34181,16.759140068069005,68.3,86.0,64.0,6.7,0.03,Saturday,10
2013-10-06,26574,14.685509018840468,66.5,73.0,64.0,7.6,0.01,Sunday,10
2013-10-07,25016,12.651673595565503,70.7,77.0,64.0,11.8,0.33,Monday,10
2013-10-08,38365,13.779678960858417,61.6,77.0,55.9,10.2,0.0,Tuesday,10
2013-10-09,36969,12.841222375503802,59.7,66.0,54.0,12.3,0.0,Wednesday,10
2013-10-10,31171,12.400746420283813,59.1,66.0,54.0,13.2,0.0,Thursday,10
2013-10-11,33357,13.342567277233167,63.7,69.1,54.0,16.4,0.0,Friday,10
2013-10-12,32457,16.876973636914482,65.7,72.0,60.1,15.5,0.0,Saturday,10
2013-10-13,28832,15.950881543655202,60.9,72.0,57.0,15.0,0.0,Sunday,10
2013-10-14,33018,13.908640741413775,58.0,64.9,53.1,6.6,0.0,Monday,10
2013-10-15,37534,13.481594465462427,60.4,70.0,53.1,4.7,0.0,Tuesday,10
2013-10-16,36911,13.337352460422819,60.1,70.0,55.9,5.6,0.0,Wednesday,10
2013-10-17,36888,13.387314302754287,64.7,73.0,57.0,6.7,0.0,Thursday,10
2013-10-18,38122,13.87887309165311,64.2,73.0,57.9,11.5,0.01,Friday,10
2013-10-19,29548,15.613899417896302,59.4,69.1,54.0,5.9,0.0,Saturday,10
2013-10-20,29256,15.908528165162698,58.4,64.0,51.1,10.4,0.0,Sunday,10
2013-10-21,35012,13.790265718420351,59.3,66.9,51.1,7.3,0.0,Monday,10
2013-10-22,36338,12.581991762525915,59.6,68.0,52.0,7.6,0.0,Tuesday,10
2013-10-23,32365,12.022630413512539,52.8,68.0,50.0,7.8,0.0,Wednesday,10
2013-10-24,32251,12.115275495333481,48.4,55.0,43.0,11.8,0.0,Thursday,10
2013-10-25,30979,12.51126246812357,47.4,55.0,42.1,13.0,0.0,Friday,10
2013-10-26,24569,14.574459006607244,49.5,55.9,42.1,10.1,0.0,Saturday,10
2013-10-27,23965,14.660169691911813,53.0,59.0,43.0,10.3,0.0,Sunday,10
2013-10-28,31498,12.784571507185639,53.0,61.0,44.1,7.7,0.0,Monday,10
2013-10-29,33414,12.575373097105006,50.5,61.0,44.1,8.0,0.0,Tuesday,10
2013-10-30,35069,12.160374784947768,52.9,60.1,44.1,4.5,0.0,Wednesday,10
2013-10-31,31444,12.928038735529832,59.3,66.9,48.0,6.2,0.0,Thursday,10
2013-11-01,30384,13.633155059680535,65.9,70.0,53.1,12.1,0.05,Friday,11
2013-11-02,31013,16.587990520104469,61.5,70.0,55.0,5.7,0.05,Saturday,11
2013-11-03,20798,13.263860307080812,50.9,68.0,42.1,11.2,0.01,Sunday,11
2013-11-04,27142,12.367596345147744,39.5,55.9,34.0,10.3,0.0,Monday,11
2013-11-05,31493,12.214110013865517,46.8,55.0,34.0,6.7,0.0,Tuesday,11
2013-11-06,34826,13.00569832883478,53.2,61.0,42.1,5.9,0.0,Wednesday,11
2013-11-07,25719,11.869835530152805,58.3,63.0,46.9,9.2,0.0,Thursday,11
2013-11-08,28686,12.609130470148042,46.0,63.0,41.0,14.2,0.08,Friday,11
2013-11-09,21734,14.408419220269321,44.3,50.0,39.9,10.3,0.0,Saturday,11
2013-11-10,19712,13.913954274891775,50.1,60.1,39.9,11.0,0.0,Sunday,11
2013-11-11,27295,12.653236856567139,48.6,60.1,44.1,13.6,0.0,Monday,11
2013-11-12,19925,11.081814303638648,43.9,53.1,34.0,13.4,0.02,Tuesday,11
2013-11-13,23633,11.12514986106997,34.0,52.0,30.0,13.4,0.01,Wednesday,11
2013-11-14,27040,13.027827292899412,41.0,53.1,30.0,11.6,0.0,Thursday,11
2013-11-15,29051,12.719770403772674,49.1,57.0,34.0,6.2,0.0,Friday,11
2013-11-16,25194,15.311708475562961,51.9,59.0,43.0,5.5,0.03,Saturday,11
2013-11-17,17995,13.467926275817359,52.6,60.8,48.2,4.5,0.02,Sunday,11
2013-11-18,30615,13.219170885731398,60.3,64.9,48.9,11.4,0.25,Monday,11
2013-11-19,27417,11.477858019963284,48.3,64.9,41.0,16.8,0.23,Tuesday,11
2013-11-20,26229,11.413486344631261,38.0,51.1,32.0,9.0,0.0,Wednesday,11
2013-11-21,28752,11.772228598590241,41.6,52.0,32.0,6.4,0.0,Thursday,11
2013-11-22,25448,12.094384627475639,52.4,57.0,36.0,6.4,0.0,Friday,11
2013-11-23,18996,14.306489962799184,47.4,57.0,39.9,12.8,0.07,Saturday,11
2013-11-24,9392,11.097677101078931,29.4,55.0,24.1,22.2,0.02,Sunday,11
2013-11-25,19116,11.017526330473597,27.9,35.1,24.1,11.9,0.0,Monday,11
2013-11-26,14999,13.040990510478473,36.0,39.9,24.1,7.0,0.0,Tuesday,11
2013-11-27,7976,11.025576730190574,48.0,60.1,34.0,13.7,1.91,Wednesday,11
2013-11-28,5204,13.905294004611841,34.1,39.2,30.9,17.9,0.3,Thursday,11
2013-11-29,10127,13.15439090220862,34.1,39.0,30.9,7.2,0.0,Friday,11
2013-11-30,9863,13.679970597181386,31.3,39.0,25.0,7.2,0.0,Saturday,11
2013-12-01,13326,13.558320826454549,41.1,48.9,25.0,3.2,0.0,Sunday,12
2013-12-02,24576,12.382666693793402,44.2,48.9,37.0,4.5,0.0,Monday,12
2013-12-03,27431,12.168702684310938,44.0,53.1,37.9,4.0,0.0,Tuesday,12
2013-12-04,28199,12.269936286156723,43.8,53.1,37.9,4.3,0.0,Wednesday,12
2013-12-05,26988,12.38379032656489,48.6,57.9,39.0,5.3,0.01,Thursday,12
2013-12-06,10736,11.621933991554894,50.5,57.9,42.8,7.1,0.05,Friday,12
2013-12-07,15545,12.230484614559883,38.2,43.0,35.6,10.7,0.81,Saturday,12
2013-12-08,10090,12.17248265609514,32.1,37.9,28.4,8.7,0.13,Sunday,12
2013-12-09,14824,10.718746627091205,34.5,39.2,28.9,10.9,0.19,Monday,12
2013-12-10,12850,11.553900129701686,36.0,39.0,32.0,8.5,0.07,Tuesday,12
2013-12-11,18766,11.960985292550358,30.7,39.0,27.0,13.2,0.22,Wednesday,12
2013-12-12,17214,11.46136574880911,27.6,34.0,23.0,12.5,0.0,Thursday,12
2013-12-13,17888,12.056676729278475,28.2,35.1,23.0,13.0,0.0,Friday,12
2013-12-14,3701,12.055358912005762,28.6,35.1,24.1,12.0,0.0,Saturday,12
2013-12-15,7462,15.226145805414095,33.7,39.0,24.1,14.2,1.21,Sunday,12
2013-12-16,15562,11.222348241442827,31.0,39.0,26.1,12.0,0.77,Monday,12
2013-12-17,7863,12.223945483064142,27.2,34.0,24.1,7.3,0.0,Tuesday,12
2013-12-18,14924,11.48589185205039,28.6,37.0,24.1,9.4,0.16,Wednesday,12
2013-12-19,18766,11.24266581406089,36.6,45.0,24.1,9.6,0.0,Thursday,12
2013-12-20,22066,14.084528233481374,45.2,52.0,30.9,5.4,0.0,Friday,12
2013-12-21,17940,14.476455778520995,53.6,60.1,37.9,6.6,0.0,Saturday,12
2013-12-22,15063,15.070312465422997,58.4,69.1,50.0,9.0,0.01,Sunday,12
2013-12-23,6956,11.885990511788387,58.5,69.1,50.0,6.2,0.09,Monday,12
2013-12-24,11025,12.736034769463343,39.2,62.1,34.0,10.7,0.44,Tuesday,12
2013-12-25,3260,13.754074642126792,25.6,42.1,19.0,10.3,0.0,Wednesday,12
2013-12-26,9763,11.935071187135103,31.7,36.0,19.0,6.2,0.0,Thursday,12
2013-12-27,11720,12.436033845278727,35.6,39.9,30.0,10.3,0.0,Friday,12
2013-12-28,12022,16.256094382520935,42.4,55.0,32.0,9.3,0.0,Saturday,12
2013-12-29,3775,12.156847682119206,45.2,55.0,36.0,7.1,0.0,Sunday,12
2013-12-30,13241,12.348442967550287,40.5,48.0,28.9,11.3,1.2,Monday,12
2013-12-31,10424,13.239233179841392,26.0,44.1,21.0,9.9,0.0,Tuesday,12
2014-01-01,6059,15.377444022666008,28.9,33.1,21.0,9.4,0.0,Wednesday,1
2014-01-02,8600,12.980327519379838,28.9,33.1,25.0,14.2,0.01,Thursday,1
2014-01-03,1144,13.388869463869462,16.6,32.0,10.9,16.7,0.3,Friday,1
2014-01-04,2292,20.398247527632339,15.8,27.0,9.0,6.8,0.25,Saturday,1
2014-01-05,2678,13.737303958177742,29.1,35.6,26.1,4.8,0.0,Sunday,1
2014-01-06,9510,12.80507360672976,44.7,53.1,25.0,11.2,0.17,Monday,1
2014-01-07,6267,12.101688739960641,14.0,36.0,3.9,19.6,0.24,Tuesday,1
2014-01-08,9246,10.233461316605378,12.9,21.9,3.9,11.4,0.0,Wednesday,1
2014-01-09,13354,10.864896909789827,25.7,33.1,9.0,7.0,0.0,Thursday,1
2014-01-10,9847,11.194096340679057,30.2,34.0,23.0,4.8,0.0,Friday,1
2014-01-11,7695,12.369558154645874,43.7,55.0,27.0,9.2,0.22,Saturday,1
2014-01-12,12515,12.069734984685045,47.6,55.9,34.0,13.6,0.45,Sunday,1
2014-01-13,20633,11.779531171747527,41.8,54.0,35.1,8.9,0.02,Monday,1
2014-01-14,9999,11.116034936827015,45.8,50.0,35.1,6.6,0.02,Tuesday,1
2014-01-15,21630,11.704905994760367,42.4,50.0,36.0,5.5,0.36,Wednesday,1
2014-01-16,19953,11.388402746454165,39.1,41.0,37.0,5.9,0.0,Thursday,1
2014-01-17,20301,12.211397632300548,38.3,46.0,33.1,5.5,0.0,Friday,1
2014-01-18,9438,14.084099738645195,37.5,46.0,32.0,7.7,0.0,Saturday,1
2014-01-19,9028,13.605822625904597,29.8,39.0,25.0,12.1,0.15,Sunday,1
2014-01-20,13407,13.103310459710098,39.6,46.0,25.0,11.1,0.0,Monday,1
2014-01-21,3804,14.296617595513498,25.7,46.0,14.0,12.5,0.0,Tuesday,1
2014-01-22,2451,16.576716986264103,12.6,32.0,7.0,16.6,0.25,Wednesday,1
2014-01-23,5071,15.401988430947219,13.5,21.0,7.0,11.9,0.0,Thursday,1
2014-01-24,6176,13.034348013816926,15.7,21.0,8.1,12.8,0.0,Friday,1
2014-01-25,4338,11.466901029660368,22.0,27.0,10.9,12.6,0.0,Saturday,1
2014-01-26,4980,11.962151941097723,21.9,27.0,18.0,12.7,0.02,Sunday,1
2014-01-27,13119,10.535111924181212,33.7,44.1,18.0,9.4,0.0,Monday,1
2014-01-28,10033,14.218656766005514,18.5,28.0,12.9,11.8,0.0,Tuesday,1
2014-01-29,10021,11.171130625686061,18.2,23.0,12.9,8.1,0.05,Wednesday,1
2014-01-30,12158,11.191953172122608,21.6,28.9,14.0,7.5,0.0,Thursday,1
2014-01-31,14653,11.705812234127254,30.5,39.0,18.0,7.3,0.0,Friday,1
2014-02-01,12771,13.671289118575942,38.2,44.1,26.1,3.2,0.0,Saturday,2
2014-02-02,13816,13.738225004825319,40.3,55.0,30.0,3.3,0.0,Sunday,2
2014-02-03,2600,13.292378205128207,35.6,55.0,30.0,8.2,0.27,Monday,2
2014-02-04,8709,12.542329773797219,29.6,42.1,25.0,6.2,0.81,Tuesday,2
2014-02-05,2746,15.422347657198348,31.5,36.0,25.0,9.0,0.74,Wednesday,2
2014-02-06,7196,17.346933481563831,28.4,34.0,21.9,8.6,0.44,Thursday,2
2014-02-07,8495,17.482438689425148,28.5,33.1,21.9,8.9,0.0,Friday,2
2014-02-08,5986,17.377703530459964,26.8,33.1,21.9,8.0,0.0,Saturday,2
2014-02-09,4996,17.12208433413398,26.1,28.9,21.0,6.5,0.0,Sunday,2
2014-02-10,6846,14.403897653130782,25.9,28.9,21.0,12.4,0.1,Monday,2
2014-02-11,8343,16.451386391785526,22.6,28.9,18.0,11.3,0.0,Tuesday,2
2014-02-12,8580,14.081419968919967,19.0,26.1,14.0,9.2,0.0,Wednesday,2
2014-02-13,876,81.1100837138508,28.7,36.0,14.0,15.8,0.18,Thursday,2
2014-02-14,3609,28.906183615036483,35.4,39.9,24.1,16.4,1.75,Friday,2
2014-02-15,2261,18.35047176765443,34.5,39.0,30.2,9.7,0.25,Saturday,2
2014-02-16,3003,21.346797646797643,27.2,37.0,21.9,14.0,0.05,Sunday,2
2014-02-17,4854,16.118342260678475,24.4,33.1,19.0,11.2,0.0,Monday,2
2014-02-18,5140,14.629364461738009,30.6,39.9,19.0,7.2,0.05,Tuesday,2
2014-02-19,8506,14.158004153930557,36.4,45.0,25.0,5.3,0.1,Wednesday,2
2014-02-20,11792,13.573103233830853,42.5,50.0,28.0,8.1,0.25,Thursday,2
2014-02-21,8680,11.754621735791089,37.1,46.9,33.8,8.2,0.02,Friday,2
2014-02-22,13044,16.471369978534188,45.5,55.0,34.0,9.4,0.11,Saturday,2
2014-02-23,13324,15.581533323326324,48.0,55.0,37.9,5.2,0.0,Sunday,2
2014-02-24,12922,12.587243976680599,40.0,54.0,33.1,13.2,0.0,Monday,2
2014-02-25,12830,11.43458950376721,28.7,44.1,24.1,12.9,0.0,Tuesday,2
2014-02-26,11188,11.072612024788466,28.0,33.1,24.1,9.2,0.0,Wednesday,2
2014-02-27,12036,10.512638473468487,24.7,33.1,19.0,9.6,0.01,Thursday,2
2014-02-28,9587,11.090424533222073,17.3,33.1,10.0,13.3,0.0,Friday,2
2014-03-01,9202,11.874632326305877,26.6,37.9,10.0,5.6,0.0,Saturday,3
2014-03-02,8195,11.216150091519218,36.6,39.0,21.0,6.0,0.0,Sunday,3
2014-03-03,7708,11.456964625497323,25.9,39.0,19.9,10.6,0.01,Monday,3
2014-03-04,10398,10.333017567480928,20.3,32.0,12.9,6.4,0.0,Tuesday,3
2014-03-05,13801,10.518999830930129,30.6,37.0,12.9,5.1,0.0,Wednesday,3
2014-03-06,12773,10.194545786685458,24.2,37.0,16.0,10.2,0.0,Thursday,3
2014-03-07,13304,11.046503557827219,29.2,36.0,16.0,10.2,0.0,Friday,3
2014-03-08,16350,15.866276248725791,41.6,55.9,26.1,7.3,0.0,Saturday,3
2014-03-09,12262,12.705340346871093,41.4,55.9,35.1,11.3,0.0,Sunday,3
2014-03-10,17231,11.223293289226783,41.9,51.1,35.1,8.7,0.0,Monday,3
2014-03-11,24356,12.948284474735861,52.3,64.9,37.0,7.0,0.0,Tuesday,3
2014-03-12,15101,10.971585766947,48.1,64.9,39.0,7.4,0.0,Wednesday,3
2014-03-13,10979,10.652381819837874,28.8,54.0,19.0,20.9,0.35,Thursday,3
2014-03-14,16299,10.919300775098671,29.7,44.1,19.0,12.9,0.0,Friday,3
2014-03-15,18053,14.778114440813159,47.9,57.9,39.0,11.1,0.0,Saturday,3
2014-03-16,9851,12.27986329645044,37.7,57.9,30.0,14.2,0.0,Sunday,3
2014-03-17,12503,10.621213575408571,28.3,33.1,23.0,9.3,0.0,Monday,3
2014-03-18,16679,11.345885045066648,32.1,41.0,23.0,9.4,0.0,Tuesday,3
2014-03-19,13341,10.864158109087279,35.8,45.0,27.0,9.4,0.0,Wednesday,3
2014-03-20,19695,11.966702208682412,45.3,53.1,30.9,11.4,0.99,Thursday,3
2014-03-21,20718,12.220391286160183,43.7,53.1,39.0,14.1,0.0,Friday,3
2014-03-22,19880,16.057806002682767,48.4,63.0,37.0,9.7,0.0,Saturday,3
2014-03-23,11740,12.281138557637702,41.5,63.0,35.1,11.0,0.0,Sunday,3
2014-03-24,13598,10.486559297935974,28.1,42.1,21.9,12.8,0.0,Monday,3
2014-03-25,16037,10.424924653405665,31.6,37.9,21.9,7.5,0.0,Tuesday,3
2014-03-26,14500,10.198148275862065,33.4,37.9,26.1,16.8,0.0,Wednesday,3
2014-03-27,16666,11.41353154126165,30.1,42.1,23.0,12.7,0.0,Thursday,3
2014-03-28,18425,12.244414292175488,44.9,60.1,23.0,8.1,0.0,Friday,3
2014-03-29,4480,11.066566220238096,48.3,60.1,37.9,6.7,0.03,Saturday,3
2014-03-30,7907,12.754502339699,44.1,55.0,41.0,12.4,1.97,Sunday,3
2014-03-31,17085,11.829745390693592,42.1,53.1,35.6,15.2,0.29,Monday,3
2014-04-01,23908,12.853388684401322,45.9,59.0,36.0,8.5,0.02,Tuesday,4
2014-04-02,22515,12.002125249833442,45.6,59.0,39.0,5.7,0.0,Wednesday,4
2014-04-03,26321,12.891668882894521,50.7,64.0,41.0,3.9,0.0,Thursday,4
2014-04-04,12566,10.684554883548198,44.7,51.1,39.2,9.8,0.09,Friday,4
2014-04-05,18655,14.951773429822213,45.3,54.0,39.0,12.8,0.17,Saturday,4
2014-04-06,20750,16.594725301204818,44.9,59.0,37.0,9.7,0.0,Sunday,4
2014-04-07,14677,11.323832072857758,46.1,59.0,37.0,6.9,0.0,Monday,4
2014-04-08,21884,12.149883476512517,51.0,64.9,41.0,10.7,0.99,Tuesday,4
2014-04-09,26931,12.847673065735886,51.4,64.9,43.0,13.2,0.01,Wednesday,4
2014-04-10,27463,12.728735025306777,49.8,59.0,42.1,10.4,0.0,Thursday,4
2014-04-11,26798,13.810168047366716,59.2,73.9,42.1,8.8,0.0,Friday,4
2014-04-12,27108,17.636654001278842,58.8,73.9,48.9,6.6,0.0,Saturday,4
2014-04-13,26871,18.37864426333222,59.8,73.9,48.9,8.2,0.0,Sunday,4
2014-04-14,28832,14.8384821263411,61.7,73.9,50.0,10.5,0.0,Monday,4
2014-04-15,10523,10.554770502708356,56.9,61.0,44.6,13.7,0.1,Tuesday,4
2014-04-16,20082,11.889953689871529,38.9,46.9,32.0,14.1,0.82,Wednesday,4
2014-04-17,22282,12.433921251832574,41.1,46.9,32.0,11.4,0.05,Thursday,4
2014-04-18,20770,12.430917188252288,39.9,46.9,35.1,7.1,0.0,Friday,4
2014-04-19,24369,18.437031337628408,50.6,64.9,35.1,6.8,0.0,Saturday,4
2014-04-20,18464,16.7138007293472,51.6,64.9,42.1,9.2,0.0,Sunday,4
2014-04-21,27124,13.895182003637613,49.9,63.0,41.0,5.4,0.0,Monday,4
2014-04-22,27259,12.705970505154255,56.4,66.0,41.0,7.7,0.0,Tuesday,4
2014-04-23,26949,12.408973122070085,55.6,66.0,48.0,16.0,0.0,Wednesday,4
2014-04-24,28107,13.0153905907188,49.4,62.1,43.0,17.9,0.0,Thursday,4
2014-04-25,27919,13.529182635481215,52.3,60.1,43.0,8.9,0.0,Friday,4
2014-04-26,19899,16.160248421193693,52.0,64.0,44.6,8.2,0.7,Saturday,4
2014-04-27,21926,15.819971723068505,51.3,64.0,45.0,10.8,0.06,Sunday,4
2014-04-28,28557,13.442739666865105,53.7,64.0,46.0,7.3,0.0,Monday,4
2014-04-29,18404,11.008666594218651,49.9,64.0,44.1,13.4,0.0,Tuesday,4
2014-04-30,2867,9.4953958841995139,44.5,51.1,42.1,14.1,0.55,Wednesday,4
2014-05-01,26762,14.309317315596742,59.3,77.0,42.1,7.9,4.88,Thursday,5
2014-05-02,32377,14.010143002748867,62.8,77.0,48.9,7.6,0.01,Friday,5
2014-05-03,25501,18.089191273544824,61.7,69.1,54.0,7.2,0.0,Saturday,5
2014-05-04,21277,15.436263727655836,58.7,69.1,54.0,12.2,0.03,Sunday,5
2014-05-05,30288,14.396794109878503,57.5,66.9,50.0,15.6,0.0,Monday,5
2014-05-06,32233,14.299347459642805,59.2,68.0,50.0,8.6,0.0,Tuesday,5
2014-05-07,32882,13.28873446465138,59.0,68.0,51.1,7.0,0.0,Wednesday,5
2014-05-08,17619,12.222241141192272,55.6,68.0,51.1,6.7,0.32,Thursday,5
2014-05-09,22641,12.287202420387791,54.9,63.0,52.0,5.5,0.09,Friday,5
2014-05-10,21832,15.364831440087945,65.4,82.0,52.0,7.1,0.02,Saturday,5
2014-05-11,28326,18.77301654545882,69.3,82.0,55.0,9.8,0.93,Sunday,5
2014-05-12,31644,14.389985463278977,73.2,82.0,62.1,4.4,0.02,Monday,5
2014-05-13,32847,13.422771232278949,65.8,82.0,59.0,7.7,0.0,Tuesday,5
2014-05-14,30044,12.947753295167091,56.5,71.1,51.1,7.1,0.0,Wednesday,5
2014-05-15,26057,12.978048764887234,60.7,75.0,51.1,8.5,0.14,Thursday,5
2014-05-16,17784,11.656169403208875,67.2,75.0,54.0,15.9,0.03,Friday,5
2014-05-17,29912,17.701291566372479,62.2,71.1,54.0,9.8,1.58,Saturday,5
2014-05-18,27436,17.05679520824221,60.4,70.0,53.1,7.6,0.0,Sunday,5
2014-05-19,31692,13.411918885943873,60.4,70.0,53.1,10.5,0.0,Monday,5
2014-05-20,35567,14.053607745007074,65.5,77.0,53.1,8.9,0.0,Tuesday,5
2014-05-21,34420,13.388106236684099,69.7,77.0,57.0,6.7,0.0,Wednesday,5
2014-05-22,24535,12.212325249643362,62.9,75.0,57.9,6.2,0.27,Thursday,5
2014-05-23,24484,12.904456651963191,60.3,68.0,57.0,6.0,0.01,Friday,5
2014-05-24,16798,15.957243917926736,60.2,68.0,57.0,6.2,1.09,Saturday,5
2014-05-25,25637,20.052994370116107,65.5,81.0,55.9,5.4,0.02,Sunday,5
2014-05-26,26930,19.528184800099027,75.2,87.1,55.9,7.2,0.0,Monday,5
2014-05-27,32936,14.420076309610561,79.5,87.1,66.0,7.6,0.0,Tuesday,5
2014-05-28,29690,12.473383294038397,61.3,86.0,54.0,11.7,0.0,Wednesday,5
2014-05-29,33889,13.32472631237275,55.6,63.0,51.1,9.8,0.0,Thursday,5
2014-05-30,34343,14.141829970202568,63.2,75.9,51.1,4.1,0.0,Friday,5
2014-05-31,27734,16.663981635056849,64.0,75.9,55.9,10.6,0.03,Saturday,5
2014-06-01,31333,18.015508143703652,65.1,77.0,57.0,6.0,0.01,Sunday,6
2014-06-02,34519,14.685100476066321,69.7,79.0,57.0,9.3,0.0,Monday,6
2014-06-03,29501,13.369560918838912,75.7,84.9,61.0,7.4,0.0,Tuesday,6
2014-06-04,36068,13.843021977006394,69.5,84.9,62.1,6.8,0.06,Wednesday,6
2014-06-05,24619,13.550492167296262,67.0,81.0,62.1,7.9,0.4,Thursday,6
2014-06-06,37719,14.525447829122369,67.8,75.9,61.0,11.3,0.3,Friday,6
2014-06-07,31204,17.868468251933514,71.5,82.0,61.0,6.4,0.0,Saturday,6
2014-06-08,30162,18.067772362575429,76.4,84.9,63.0,5.5,0.0,Sunday,6
2014-06-09,18611,12.932912435298119,68.0,84.9,62.1,7.0,0.45,Monday,6
2014-06-10,33435,13.348906335676189,66.9,75.2,63.0,6.5,0.79,Tuesday,6
2014-06-11,30548,13.418144122910395,65.6,75.0,61.0,9.5,0.04,Wednesday,6
2014-06-12,29084,12.583449663044975,63.6,75.9,59.0,9.0,0.01,Thursday,6
2014-06-13,18308,12.684859988347531,65.7,75.9,59.0,8.4,0.14,Friday,6
2014-06-14,28417,16.756327198507936,69.6,75.9,62.1,10.1,1.43,Saturday,6
2014-06-15,28382,17.317562774528451,67.6,79.0,61.0,10.0,0.0,Sunday,6
2014-06-16,34932,14.268376655597542,72.0,81.0,61.0,5.3,0.0,Monday,6
2014-06-17,35097,14.096376708360639,76.7,88.0,64.0,6.7,0.0,Tuesday,6
2014-06-18,35531,13.559252014672634,83.2,88.0,70.0,11.2,0.0,Wednesday,6
2014-06-19,31724,13.661286407766987,74.8,88.0,68.0,5.4,0.0,Thursday,6
2014-06-20,34405,16.70432785932277,73.3,80.1,66.0,8.0,0.0,Friday,6
2014-06-21,30288,17.230165962317308,70.0,75.9,62.1,8.4,0.0,Saturday,6
2014-06-22,29417,16.582756569330659,70.1,77.0,64.0,6.4,0.0,Sunday,6
2014-06-23,32580,13.948640781665642,73.2,82.0,64.0,6.2,0.0,Monday,6
2014-06-24,35897,13.736748196228099,73.5,82.0,66.9,10.8,0.0,Tuesday,6
2014-06-25,34340,13.136113861386137,75.4,84.0,69.1,10.3,0.0,Wednesday,6
2014-06-26,34846,13.568823298704773,77.5,86.0,71.1,6.3,0.07,Thursday,6
2014-06-27,35823,14.686583572937316,74.5,86.0,68.0,7.5,0.0,Friday,6
2014-06-28,28507,16.904747371990506,75.6,87.1,68.0,5.4,0.0,Saturday,6
2014-06-29,27986,17.305518235308138,74.9,87.1,69.1,7.5,0.0,Sunday,6
2014-06-30,33597,13.798781637249357,75.8,84.0,69.1,9.0,0.0,Monday,6
2014-07-01,34854,13.230134752586981,79.0,88.0,69.1,10.2,0.0,Tuesday,7
2014-07-02,26582,12.609202342437243,81.7,91.0,73.0,10.1,0.0,Wednesday,7
2014-07-03,27587,13.287443965152669,78.9,91.0,72.0,6.3,0.65,Thursday,7
2014-07-04,13612,15.486074786952688,71.1,89.1,64.9,8.5,0.71,Friday,7
2014-07-05,22913,18.274830154642927,71.8,82.9,64.9,13.7,0.16,Saturday,7
2014-07-06,23822,20.219724764223546,78.2,87.1,64.9,9.5,0.0,Sunday,7
2014-07-07,31863,14.025829331826886,81.3,91.9,69.1,11.4,0.0,Monday,7
2014-07-08,32713,13.311302336481923,83.8,93.0,72.0,10.7,0.18,Tuesday,7
2014-07-09,34426,13.330690950638081,79.5,93.0,72.0,10.2,0.0,Wednesday,7
2014-07-10,36288,13.71067386831275,76.3,88.0,70.0,5.5,0.0,Thursday,7
2014-07-11,35000,14.03066,76.9,84.9,70.0,6.1,0.0,Friday,7
2014-07-12,28718,16.704610348910091,77.0,86.0,70.0,7.0,0.0,Saturday,7
2014-07-13,24869,15.259172061602795,75.3,86.0,71.1,10.1,0.0,Sunday,7
2014-07-14,25825,12.618090351726364,77.2,84.9,71.1,6.3,0.41,Monday,7
2014-07-15,22963,12.218714163364256,76.3,88.0,72.0,7.0,0.57,Tuesday,7
2014-07-16,35391,13.554079191508198,73.8,88.0,68.0,6.4,0.93,Wednesday,7
2014-07-17,38619,13.71910285955963,75.0,82.9,68.0,4.8,0.0,Thursday,7
2014-07-18,36105,14.457257997507275,74.6,82.9,68.0,6.1,0.0,Friday,7
2014-07-19,29291,16.618232562903284,73.1,82.0,68.0,6.0,0.0,Saturday,7
2014-07-20,30296,17.056757767802132,71.2,77.0,66.9,9.1,0.0,Sunday,7
2014-07-21,35670,13.678115129427159,74.0,84.0,66.9,4.4,0.0,Monday,7
2014-07-22,36886,13.627777476549371,78.1,87.1,66.9,7.3,0.0,Tuesday,7
2014-07-23,34173,13.10947336591266,80.2,89.1,72.0,9.9,0.0,Wednesday,7
2014-07-24,36693,13.742467682300896,76.8,89.1,73.0,7.9,0.12,Thursday,7
2014-07-25,36384,14.157776770008791,74.6,82.0,66.9,6.9,0.0,Friday,7
2014-07-26,27179,16.451384034242121,75.7,82.9,66.9,7.9,0.0,Saturday,7
2014-07-27,27004,16.19756579272207,77.5,88.0,71.1,8.5,0.0,Sunday,7
2014-07-28,33189,13.454911265780829,78.2,88.0,70.0,9.4,0.26,Monday,7
2014-07-29,37092,13.568479276753292,70.6,84.0,64.9,11.4,0.0,Tuesday,7
2014-07-30,37377,13.556849131819035,72.5,82.9,64.9,6.5,0.0,Wednesday,7
2014-07-31,35458,13.663461466147741,75.1,82.9,64.9,8.6,0.0,Thursday,7
2014-08-01,32654,13.526990567771177,76.7,86.0,70.0,7.3,0.0,Friday,8
2014-08-02,26784,16.543361086220628,71.1,86.0,64.9,8.7,0.34,Saturday,8
2014-08-03,25276,16.505556654533944,69.6,75.9,64.9,4.8,0.12,Sunday,8
2014-08-04,33822,13.985576942029841,75.4,84.0,66.0,5.4,0.01,Monday,8
2014-08-05,34392,13.747544002481197,79.7,89.1,71.1,4.4,0.0,Tuesday,8
2014-08-06,36336,13.63740367679436,76.9,89.1,71.1,7.1,0.0,Wednesday,8
2014-08-07,36362,13.852484736813155,75.2,84.0,66.9,8.1,0.0,Thursday,8
2014-08-08,34073,14.120054001702226,74.0,82.9,66.0,7.1,0.0,Friday,8
2014-08-09,31636,18.437703354827825,77.5,87.1,66.0,4.0,0.0,Saturday,8
2014-08-10,26749,17.21475319949656,78.9,87.1,70.0,4.8,0.0,Sunday,8
2014-08-11,33664,13.774130129119138,79.7,87.1,71.1,5.9,0.0,Monday,8
2014-08-12,26261,12.027818818780696,75.5,87.1,72.0,11.1,0.0,Tuesday,8
2014-08-13,27977,13.221852474056071,73.4,86.0,68.0,13.5,0.77,Wednesday,8
2014-08-14,35154,14.36468965124879,72.0,86.0,64.0,11.6,0.15,Thursday,8
2014-08-15,32480,13.884582820197046,69.6,79.0,63.0,9.2,0.0,Friday,8
2014-08-16,32017,18.710583440047472,71.7,79.0,63.0,7.1,0.0,Saturday,8
2014-08-17,27417,16.75062856378646,74.7,82.9,66.0,7.7,0.0,Sunday,8
2014-08-18,34339,14.094628556451848,72.6,82.9,64.0,8.8,0.01,Monday,8
2014-08-19,35367,13.925657156859975,72.5,81.0,64.0,6.9,0.0,Tuesday,8
2014-08-20,35532,14.048568426582611,75.4,84.0,64.9,6.2,0.0,Wednesday,8
2014-08-21,33804,13.843160572713288,75.0,84.0,69.1,6.3,0.07,Thursday,8
2014-08-22,30406,13.575098116599793,71.2,81.0,64.0,7.6,1.2,Friday,8
2014-08-23,26429,16.310513703381389,70.1,75.9,66.9,8.2,0.04,Saturday,8
2014-08-24,27493,17.628368433176927,72.0,80.1,64.9,6.2,0.0,Sunday,8
2014-08-25,32892,13.790671997243505,75.4,86.0,64.9,4.4,0.0,Monday,8
2014-08-26,34519,13.521703989107449,79.0,86.0,68.0,4.6,0.0,Tuesday,8
2014-08-27,33721,13.67588347518361,79.0,89.1,71.1,7.0,0.0,Wednesday,8
2014-08-28,33927,13.819915799608962,76.5,89.1,70.0,8.9,0.0,Thursday,8
2014-08-29,31264,14.231134318491984,70.3,80.1,64.0,8.0,0.0,Friday,8
2014-08-30,22689,17.233491265958548,71.7,79.0,64.0,6.7,0.0,Saturday,8
2014-08-31,18053,17.046679222289928,77.4,91.9,66.9,9.4,0.0,Sunday,8
2014-09-01,23575,19.545633085896068,80.3,91.9,73.0,5.6,0.79,Monday,9
2014-09-02,30507,13.558917079140308,84.3,93.0,75.9,6.8,0.0,Tuesday,9
2014-09-03,35535,13.646317714928937,80.2,93.0,73.0,9.6,0.0,Wednesday,9
2014-09-04,36496,14.082504475376295,78.5,86.0,71.1,6.1,0.0,Thursday,9
2014-09-05,34831,14.268615601045051,78.3,86.0,71.1,8.0,0.0,Friday,9
2014-09-06,25833,15.771490599878708,80.8,91.0,73.0,8.0,0.0,Saturday,9
2014-09-07,29721,17.488032591994436,73.1,91.0,66.0,8.2,0.21,Sunday,9
2014-09-08,34335,14.303210523760987,71.0,80.1,64.9,9.4,0.0,Monday,9
2014-09-09,34518,13.617086737354425,68.1,77.0,64.0,12.5,0.0,Tuesday,9
2014-09-10,37653,14.179311520109065,68.5,75.0,62.6,9.3,0.0,Wednesday,9
2014-09-11,37081,13.377529822101167,73.8,84.0,63.0,9.1,0.0,Thursday,9
2014-09-12,37204,15.752581263663407,70.6,84.0,63.0,9.6,0.0,Friday,9
2014-09-13,17293,15.20722643073305,65.1,71.1,60.8,10.5,0.0,Saturday,9
2014-09-14,28688,17.444886944599368,62.1,71.1,55.0,7.4,0.19,Sunday,9
2014-09-15,35045,14.662093974413846,63.6,73.0,55.0,6.5,0.0,Monday,9
2014-09-16,25633,13.024798762012507,63.9,73.0,55.0,5.6,0.01,Tuesday,9
2014-09-17,37453,13.742398027750335,65.9,73.0,57.9,4.3,0.41,Wednesday,9
2014-09-18,37381,15.109120052076367,67.6,75.0,59.0,4.6,0.0,Thursday,9
2014-09-19,34713,13.759263580406957,62.1,75.0,55.0,10.3,0.0,Friday,9
2014-09-20,30011,16.831377939200063,65.0,73.9,55.0,9.1,0.0,Saturday,9
2014-09-21,26080,16.307601610429444,70.4,77.0,57.9,3.5,0.21,Sunday,9
2014-09-22,33239,13.489832726616321,68.8,77.0,61.0,11.1,0.0,Monday,9
2014-09-23,36347,14.318372447061197,60.9,73.0,54.0,7.0,0.0,Tuesday,9
2014-09-24,35481,14.156379940437608,65.0,73.0,54.0,8.1,0.0,Wednesday,9
2014-09-25,16650,12.3099019019019,62.6,70.0,57.9,13.0,0.02,Thursday,9
2014-09-26,35116,14.915348179367433,66.4,77.0,57.9,7.0,0.15,Friday,9
2014-09-27,30193,18.084732112299765,72.6,82.9,60.1,3.6,0.0,Saturday,9
2014-09-28,29021,18.296087890378239,73.4,84.0,64.9,3.2,0.0,Sunday,9
2014-09-29,33161,15.074445382628191,72.7,84.0,64.9,4.1,0.0,Monday,9
2014-09-30,35093,15.192419665840296,69.0,73.9,64.4,6.2,0.0,Tuesday,9
2014-10-01,27942,12.342573306611316,63.3,66.2,60.8,8.4,0.04,Wednesday,10
2014-10-02,34492,14.133840697359775,63.3,68.0,60.1,9.1,0.0,Thursday,10
2014-10-03,34944,15.281557158119663,62.4,69.1,57.0,6.8,0.0,Friday,10
2014-10-04,13354,14.132470920073883,65.0,71.1,57.0,10.0,0.07,Saturday,10
2014-10-05,23456,15.738347686448391,54.2,71.1,46.9,12.2,0.98,Sunday,10
2014-10-06,31742,13.72622340537248,59.2,71.1,46.9,8.5,0.0,Monday,10
2014-10-07,32892,13.510334833191456,67.1,72.0,51.1,11.4,0.0,Tuesday,10
2014-10-08,33607,16.683948284583572,67.6,73.0,64.0,13.5,0.06,Wednesday,10
2014-10-09,32203,13.678046558809223,64.2,73.0,57.9,12.6,0.03,Thursday,10
2014-10-10,30887,14.820139540907178,60.3,69.1,54.0,6.5,0.0,Friday,10
2014-10-11,12965,14.296921198097442,56.2,62.1,51.8,6.2,0.13,Saturday,10
2014-10-12,23394,17.592083440198341,55.1,62.1,48.9,5.3,0.2,Sunday,10
2014-10-13,22752,13.443484821847166,58.8,66.0,48.9,4.4,0.0,Monday,10
2014-10-14,32614,18.747257312810451,67.6,75.9,53.1,8.5,0.03,Tuesday,10
2014-10-15,28743,13.511033990884739,71.9,78.1,64.0,12.9,0.0,Wednesday,10
2014-10-16,26754,13.5933978719693,69.8,78.1,64.9,11.0,0.72,Thursday,10
2014-10-17,34132,15.251804757998356,65.8,72.0,61.0,8.7,0.08,Friday,10
2014-10-18,24978,17.851717511410037,64.1,72.0,60.1,8.9,0.0,Saturday,10
2014-10-19,18840,14.547722929936304,54.5,70.0,48.0,14.8,0.0,Sunday,10
2014-10-20,27914,17.183799646533398,49.8,61.0,44.1,8.4,0.0,Monday,10
2014-10-21,31330,13.243528034897329,60.0,68.0,44.1,5.6,0.0,Tuesday,10
2014-10-22,9169,11.838021230959392,57.0,68.0,52.0,11.5,0.35,Wednesday,10
2014-10-23,13371,12.233315882631564,52.2,59.0,51.1,15.6,1.0,Thursday,10
2014-10-24,29837,13.538779591335141,54.7,62.1,51.1,11.2,0.23,Friday,10
2014-10-25,24952,16.5570815966656,58.7,68.0,51.1,8.3,0.0,Saturday,10
2014-10-26,20768,15.548127728556748,59.6,68.0,52.0,13.3,0.0,Sunday,10
2014-10-27,28806,14.050002892915829,57.0,64.0,51.1,11.0,0.0,Monday,10
2014-10-28,32956,12.994410729457456,60.4,72.0,51.1,6.1,0.0,Tuesday,10
2014-10-29,29999,12.749371645721519,64.2,72.0,53.1,7.1,0.0,Wednesday,10
2014-10-30,31133,13.208668722363193,54.0,72.0,50.0,8.4,0.0,Thursday,10
2014-10-31,27785,18.070444484434045,49.9,57.9,45.0,9.3,0.0,Friday,10
2014-11-01,6002,11.192083194490726,48.1,55.0,45.0,15.1,0.05,Saturday,11
2014-11-02,14100,16.124030732860522,44.6,48.0,42.1,19.4,0.17,Sunday,11
2014-11-03,26757,13.746447035666682,48.1,62.1,41.0,13.6,0.0,Monday,11
2014-11-04,31174,13.306952909475847,60.2,69.1,41.0,8.5,0.0,Tuesday,11
2014-11-05,30539,14.527718109084562,61.4,69.1,55.0,9.0,0.0,Wednesday,11
2014-11-06,12283,12.065164590626615,52.7,64.0,48.0,5.3,0.13,Thursday,11
2014-11-07,25355,12.322618812857419,49.6,59.0,45.0,12.9,0.21,Friday,11
2014-11-08,17443,14.520727512469184,42.4,52.0,37.9,11.0,0.0,Saturday,11
2014-11-09,18207,15.170109481701177,49.9,57.0,37.9,6.2,0.0,Sunday,11
2014-11-10,27655,12.945201591032362,51.8,61.0,42.1,3.4,0.0,Monday,11
2014-11-11,29358,12.823087403774093,54.9,64.0,42.1,5.0,0.0,Tuesday,11
2014-11-12,27807,12.878346579398473,58.7,66.0,46.9,5.6,0.0,Wednesday,11
2014-11-13,20652,14.003687294208795,45.7,66.0,39.9,5.3,0.0,Thursday,11
2014-11-14,21082,12.60694035986465,39.3,48.0,36.0,12.4,0.2,Friday,11
2014-11-15,14057,12.988551374167086,37.8,43.0,34.0,9.7,0.03,Saturday,11
2014-11-16,13272,13.046382107695397,39.4,44.1,34.0,5.4,0.0,Sunday,11
2014-11-17,8116,12.371365204534253,43.6,53.1,35.1,5.8,0.51,Monday,11
2014-11-18,16691,11.099698440277196,37.1,53.1,28.0,16.2,1.0,Tuesday,11
2014-11-19,16694,13.006334611237572,26.7,46.0,21.9,12.9,0.0,Wednesday,11
2014-11-20,20611,12.013123251338282,38.1,46.0,21.9,11.2,0.0,Thursday,11
2014-11-21,17806,10.8112331049459,33.1,46.0,28.0,15.8,0.0,Friday,11
2014-11-22,12682,13.606544709036431,34.3,43.0,28.0,8.8,0.0,Saturday,11
2014-11-23,15669,14.317903716467757,46.9,55.0,28.9,7.9,0.0,Sunday,11
2014-11-24,23031,12.727714095494479,57.5,64.0,44.1,10.6,0.61,Monday,11
2014-11-25,25580,14.144878160020845,60.1,66.9,48.9,9.7,0.0,Tuesday,11
2014-11-26,3675,12.755083900226758,44.0,53.1,33.8,9.8,0.0,Wednesday,11
2014-11-27,3945,11.856244190959023,36.5,51.1,34.0,11.3,1.07,Thursday,11
2014-11-28,8378,11.867243574441002,34.4,37.9,30.9,13.1,0.01,Friday,11
2014-11-29,8183,11.973750458267141,31.4,37.0,28.9,5.9,0.0,Saturday,11
2014-11-30,12384,14.758551356589148,46.5,53.1,28.9,7.7,0.0,Sunday,11
2014-12-01,18519,12.885524776355817,55.4,64.0,44.1,7.6,0.0,Monday,12
2014-12-02,15367,11.433989501312334,39.7,46.0,35.1,12.3,0.05,Tuesday,12
2014-12-03,13472,14.234154790182101,43.5,46.9,35.1,8.3,0.12,Wednesday,12
2014-12-04,21335,11.880248418092339,42.0,46.9,37.9,11.3,0.09,Thursday,12
2014-12-05,15818,12.185782020482996,38.4,46.0,34.0,9.3,0.0,Friday,12
2014-12-06,4047,13.022934684128163,44.9,48.9,34.0,4.1,0.7,Saturday,12
2014-12-07,10510,11.942905169679674,39.4,48.9,34.0,15.3,1.14,Sunday,12
2014-12-08,15557,11.212750958839534,29.8,34.0,24.8,13.7,0.03,Monday,12
2014-12-09,6713,11.398646904017083,38.7,45.0,25.0,18.1,0.45,Tuesday,12
2014-12-10,10399,11.292754110972208,38.6,45.0,32.0,14.8,2.26,Wednesday,12
2014-12-11,18141,11.962103338661962,34.2,37.0,30.2,14.9,0.02,Thursday,12
2014-12-12,17892,11.387605261196812,34.5,37.9,30.9,12.7,0.03,Friday,12
2014-12-13,12549,16.932308019231282,37.2,44.1,32.0,13.7,0.0,Saturday,12
2014-12-14,11941,13.483606900594589,40.4,45.0,35.1,11.3,0.0,Sunday,12
2014-12-15,19382,11.993359818388193,41.6,48.9,37.0,5.9,0.0,Monday,12
2014-12-16,16816,11.871855177608627,41.5,48.9,36.0,5.6,0.0,Tuesday,12
2014-12-17,20346,11.68985222320522,46.5,53.1,36.0,8.6,0.19,Wednesday,12
2014-12-18,19051,11.244470106556088,41.0,53.1,37.9,15.4,0.03,Thursday,12
2014-12-19,17200,11.366994186046513,36.8,43.0,33.1,13.5,0.0,Friday,12
2014-12-20,9582,11.221432547136992,31.9,37.9,30.0,7.8,0.0,Saturday,12
2014-12-21,8747,12.430042681300252,33.1,36.0,30.0,5.7,0.0,Sunday,12
2014-12-22,13560,12.202332841691252,37.9,43.0,32.0,7.1,0.0,Monday,12
2014-12-23,9422,11.695476898040049,44.1,46.4,42.8,9.9,0.17,Tuesday,12
2014-12-24,4285,11.677639050952934,44.5,54.0,42.8,7.8,0.08,Wednesday,12
2014-12-25,4890,18.956530334015,52.6,63.0,43.0,12.0,0.71,Thursday,12
2014-12-26,9895,14.202627589691764,45.3,63.0,39.9,9.4,0.07,Friday,12
2014-12-27,10247,16.139143163852836,47.4,55.0,39.9,4.6,0.0,Saturday,12
2014-12-28,7902,13.044575213026231,48.1,55.0,42.1,6.8,0.0,Sunday,12
2014-12-29,13549,13.280457352326128,41.3,52.0,37.9,10.0,0.1,Monday,12
2014-12-30,12196,11.50089646878758,32.6,44.1,28.9,8.0,0.0,Tuesday,12
2014-12-31,9739,12.678344799260707,29.4,35.1,27.0,7.8,0.0,Wednesday,12
2015-01-01,5317,13.363444298163127,31.2,39.0,27.0,11.5,0.0,Thursday,1
2015-01-02,11304,12.187349610757256,38.6,42.1,27.0,12.6,0.0,Friday,1
2015-01-03,4478,10.921404644930771,35.2,42.1,30.9,8.1,0.0,Saturday,1
2015-01-04,7849,11.325903512124684,45.1,57.0,30.9,8.4,0.85,Sunday,1
2015-01-05,14506,10.630196700216004,42.5,57.0,28.9,18.2,0.13,Monday,1
2015-01-06,8739,10.582040279208147,21.2,28.9,17.6,8.7,0.0,Tuesday,1
2015-01-07,9646,9.820182804616767,21.7,25.0,15.1,14.8,0.05,Wednesday,1
2015-01-08,8779,9.9310153016668536,13.2,25.0,8.1,14.6,0.0,Thursday,1
2015-01-09,7930,10.610964691046659,24.0,33.1,8.1,13.3,0.0,Friday,1
2015-01-10,6109,9.93376166311999,21.7,33.1,17.1,13.3,0.06,Saturday,1
2015-01-11,7467,10.384540868711218,24.8,37.0,17.1,8.5,0.0,Sunday,1
2015-01-12,8645,10.39479467900521,36.0,37.9,19.0,5.6,0.0,Monday,1
2015-01-13,12797,10.308126904743297,30.2,39.0,19.0,12.1,0.39,Tuesday,1
2015-01-14,13086,10.383807122115238,22.0,36.0,17.1,9.1,0.0,Wednesday,1
2015-01-15,14075,10.556677323860276,29.5,34.0,17.1,7.6,0.0,Thursday,1
2015-01-16,13843,10.422846685448718,34.0,42.1,25.0,13.0,0.0,Friday,1
2015-01-17,7491,10.954093801450629,22.3,42.1,17.1,11.8,0.0,Saturday,1
2015-01-18,1795,12.057901578458686,32.7,41.0,17.1,4.6,0.0,Sunday,1
2015-01-19,10710,11.528778400248987,39.4,43.0,28.9,12.3,1.98,Monday,1
2015-01-20,16129,10.797786595573191,37.2,42.1,34.0,9.6,0.0,Tuesday,1
2015-01-21,15234,10.447485886832087,30.5,39.9,25.0,7.0,0.0,Wednesday,1
2015-01-22,15864,10.675724911749871,34.0,39.0,25.0,5.3,0.0,Thursday,1
2015-01-23,15737,10.659342102476122,32.4,39.0,28.0,9.9,0.0,Friday,1
2015-01-24,4814,10.50505816368924,35.1,39.9,28.0,8.3,0.66,Saturday,1
2015-01-25,9379,12.021174965348115,37.6,42.1,32.0,12.8,0.07,Sunday,1
2015-01-26,4141,11.0852370602914,26.6,35.1,21.2,14.7,0.0,Monday,1
2015-01-27,1214,15.937850082372325,24.4,30.0,19.9,14.9,0.45,Tuesday,1
2015-01-28,5401,14.174285626118621,23.5,34.0,17.1,11.7,0.01,Wednesday,1
2015-01-29,8870,12.531798196166854,26.3,34.0,17.1,6.1,0.0,Thursday,1
2015-01-30,9015,10.857901645405809,33.9,37.0,21.0,10.8,0.07,Friday,1
2015-01-31,5188,10.446366615266,20.4,37.0,12.9,21.5,0.01,Saturday,1
2015-02-01,6441,10.63582000724525,27.5,36.0,12.9,8.8,0.0,Sunday,2
2015-02-02,1459,15.347703906785471,29.6,36.0,19.9,11.2,0.84,Monday,2
2015-02-03,4754,12.787074042911229,19.3,33.1,14.0,13.4,0.26,Tuesday,2
2015-02-04,8973,11.625942642743047,30.0,39.9,14.0,5.6,0.0,Wednesday,2
2015-02-05,9208,10.389945337387783,33.2,41.0,21.0,12.1,0.0,Thursday,2
2015-02-06,8575,10.618616132167155,18.1,39.9,12.0,13.3,0.0,Friday,2
2015-02-07,6790,11.44101374570447,29.0,36.0,12.0,7.1,0.0,Saturday,2
2015-02-08,6662,11.115628439907935,33.0,36.0,26.1,8.9,0.01,Sunday,2
2015-02-09,5160,10.565529715762276,28.9,35.6,25.9,15.3,0.03,Monday,2
2015-02-10,10328,10.637577459333849,29.9,39.0,26.1,11.0,0.04,Tuesday,2
2015-02-11,11439,10.817006148556112,28.4,39.0,21.9,9.3,0.0,Wednesday,2
2015-02-12,11269,10.797302333836189,32.3,39.9,21.9,6.9,0.0,Thursday,2
2015-02-13,7642,10.38418171508331,17.6,39.9,9.0,18.2,0.0,Friday,2
2015-02-14,4614,10.43077951163127,22.9,32.0,9.0,7.1,0.0,Saturday,2
2015-02-15,2581,9.4976430324163736,20.5,32.0,10.9,19.7,0.01,Sunday,2
2015-02-16,3998,9.930177588794395,10.2,26.1,3.9,15.4,0.0,Monday,2
2015-02-17,4784,10.820833333333335,19.4,28.0,3.9,6.6,0.11,Tuesday,2
2015-02-18,9170,10.799540167211923,24.2,30.9,14.0,5.0,0.02,Wednesday,2
2015-02-19,7799,9.9255823396161933,22.0,30.9,15.1,14.9,0.0,Thursday,2
2015-02-20,6159,10.046747307463333,10.9,27.0,3.0,18.2,0.0,Friday,2
2015-02-21,3157,9.8488332805406049,20.1,28.9,3.0,8.0,0.01,Saturday,2
2015-02-22,4274,11.950760411792231,34.1,42.1,14.0,3.7,0.71,Sunday,2
2015-02-23,7458,10.532466255475104,29.3,42.1,16.0,14.0,0.11,Monday,2
2015-02-24,7402,10.747858686841393,12.4,37.9,6.1,9.9,0.0,Tuesday,2
2015-02-25,10751,10.857537283353487,27.7,37.9,6.1,8.7,0.0,Wednesday,2
2015-02-26,9901,11.258465474867856,26.9,37.9,21.0,9.3,0.0,Thursday,2
2015-02-27,9864,10.997024533657743,23.7,32.0,19.0,7.3,0.0,Friday,2
2015-02-28,6318,10.824021314762058,22.1,30.0,15.1,7.2,0.0,Saturday,2
2015-03-01,2879,12.341061711242331,26.7,30.0,15.1,4.4,0.0,Sunday,3
2015-03-02,7283,11.292155247379741,32.2,37.9,24.1,9.0,0.48,Monday,3
2015-03-03,6533,12.700640338792798,28.4,37.9,24.1,9.8,0.0,Tuesday,3
2015-03-04,7514,11.673711294472538,38.9,46.9,24.1,8.0,0.73,Wednesday,3
2015-03-05,1637,15.43091020158827,32.9,44.1,21.2,8.6,0.46,Thursday,3
2015-03-06,5162,12.277776701536874,21.0,41.0,15.1,7.1,0.38,Friday,3
2015-03-07,5590,14.794570661896243,26.8,37.9,15.1,9.3,0.0,Saturday,3
2015-03-08,7898,13.692379927407782,40.2,48.0,35.1,8.4,0.0,Sunday,3
2015-03-09,14878,12.643708831832237,44.9,54.0,35.1,6.5,0.02,Monday,3
2015-03-10,11781,12.056681662564015,40.7,54.0,33.1,4.6,0.11,Tuesday,3
2015-03-11,19561,13.397417480360584,46.4,60.1,33.1,7.5,0.44,Wednesday,3
2015-03-12,17530,12.152317931165623,45.3,60.1,37.0,16.4,0.02,Thursday,3
2015-03-13,16145,12.060395375245177,37.1,46.9,30.9,8.4,0.0,Friday,3
2015-03-14,3906,12.14748677248677,43.6,51.8,37.4,7.1,0.21,Saturday,3
2015-03-15,8838,12.096647054386359,44.1,51.1,37.0,14.0,0.81,Sunday,3
2015-03-16,16787,11.89059490478744,40.2,51.1,36.0,9.3,0.0,Monday,3
2015-03-17,14857,11.778551075811622,47.9,54.0,36.0,10.6,0.0,Tuesday,3
2015-03-18,13842,11.333388720319794,33.7,37.9,28.9,19.6,0.01,Wednesday,3
2015-03-19,15446,12.821573007035264,33.5,42.1,28.0,10.7,0.0,Thursday,3
2015-03-20,8052,11.094823232323227,34.4,42.1,28.9,8.4,0.0,Friday,3
2015-03-21,9338,13.598843435425144,34.9,46.9,28.9,7.1,0.29,Saturday,3
2015-03-22,9676,12.476186785172937,39.9,48.0,28.9,13.8,0.01,Sunday,3
2015-03-23,13538,10.822777859851282,30.5,44.1,24.1,12.3,0.0,Monday,3
2015-03-24,16166,11.326275310322078,33.6,44.1,24.1,7.4,0.0,Tuesday,3
2015-03-25,14670,11.680996364462626,39.1,48.0,26.1,5.7,0.0,Wednesday,3
2015-03-26,14954,11.843317284115733,45.2,57.0,32.0,4.4,0.05,Thursday,3
2015-03-27,14107,11.577435552089977,44.9,57.0,37.9,7.7,0.52,Friday,3
2015-03-28,1107,12.674495633845227,37.6,46.0,33.1,10.7,0.28,Saturday,3
2015-03-29,9826,14.182955085148246,33.5,46.0,27.0,10.3,0.0,Sunday,3
2015-03-30,18075,12.113396957123099,42.2,55.0,27.0,10.8,0.0,Monday,3
2015-03-31,14250,12.694670175438599,42.8,55.0,34.0,9.6,0.0,Tuesday,3
2015-04-01,20146,13.215563883649363,39.8,51.1,34.0,8.5,0.14,Wednesday,4
2015-04-02,24227,20.767175052627238,49.9,63.0,34.0,8.4,0.0,Thursday,4
2015-04-03,14774,13.698973421776996,59.2,63.0,39.0,9.5,0.0,Friday,4
2015-04-04,14355,15.031241147103215,52.0,63.0,46.9,14.3,0.04,Saturday,4
2015-04-05,13799,18.106378481532474,50.1,62.1,43.0,11.2,0.0,Sunday,4
2015-04-06,23391,15.093338606016554,46.7,62.1,39.0,7.8,0.0,Monday,4
2015-04-07,16262,11.673802935268316,50.6,60.1,39.0,7.7,0.01,Tuesday,4
2015-04-08,17872,13.848690689346464,43.0,57.0,39.9,12.3,0.16,Wednesday,4
2015-04-09,16546,11.794970587050244,39.3,46.0,37.0,12.4,0.0,Thursday,4
2015-04-10,16317,12.313068170211029,43.0,57.2,39.2,6.9,0.25,Friday,4
2015-04-11,18643,16.437951688748235,55.3,57.2,51.1,14.7,0.24,Saturday,4
2015-04-12,19954,19.100768434065017,51.3,64.9,44.1,7.6,0.0,Sunday,4
2015-04-13,24925,15.158399197592781,55.6,64.9,44.1,8.0,0.0,Monday,4
2015-04-14,22703,12.626147792509064,59.3,64.9,46.9,7.0,0.0,Tuesday,4
2015-04-15,27594,16.236471696745667,59.1,70.0,51.1,7.4,0.0,Wednesday,4
2015-04-16,27180,13.467742825607065,56.5,70.0,46.9,7.4,0.0,Thursday,4
2015-04-17,24175,15.087127886935543,59.7,71.1,46.9,9.0,0.08,Friday,4
2015-04-18,28174,22.166673173848235,66.0,79.0,54.0,5.7,0.0,Saturday,4
2015-04-19,21475,18.129433449747768,57.6,79.0,50.0,8.8,0.0,Sunday,4
2015-04-20,11202,11.984380765339523,50.6,61.0,45.0,13.2,0.0,Monday,4
2015-04-21,24868,16.30488110557075,57.4,66.9,45.0,9.0,0.95,Tuesday,4
2015-04-22,21997,12.904648361140149,58.8,66.9,50.0,8.9,0.07,Wednesday,4
2015-04-23,22074,14.395430521578934,47.4,66.9,42.1,13.5,0.1,Thursday,4
2015-04-24,20981,14.680193985034073,43.4,50.0,39.0,16.1,0.0,Friday,4
2015-04-25,21082,18.3834479650887,46.1,60.1,39.0,11.8,0.0,Saturday,4
2015-04-26,21594,18.999813219721524,52.0,61.0,39.0,5.2,0.0,Sunday,4
2015-04-27,25501,13.120946237402455,53.8,61.0,45.0,9.9,0.0,Monday,4
2015-04-28,29795,14.786426134138843,57.2,72.0,48.9,11.5,0.0,Tuesday,4
2015-04-29,31532,14.744549452408133,64.2,75.9,51.1,8.8,0.0,Wednesday,4
2015-04-30,29252,15.552346278317152,52.4,75.9,46.9,13.1,0.0,Thursday,4
2015-05-01,27924,14.358900348565154,52.6,64.0,46.9,7.6,0.0,Friday,5
2015-05-02,25743,19.347873855675978,53.9,69.1,48.0,4.7,0.0,Saturday,5
2015-05-03,27694,20.460286223249309,59.5,75.9,48.0,6.4,0.0,Sunday,5
2015-05-04,32066,16.651919998336766,66.5,82.0,51.1,7.1,0.0,Monday,5
2015-05-05,33012,16.947328244274811,72.7,82.0,54.0,7.5,0.0,Tuesday,5
2015-05-06,30313,14.547862853121325,65.3,81.0,59.0,6.4,0.0,Wednesday,5
2015-05-07,34871,15.368028352116848,64.6,75.9,52.0,5.2,0.0,Thursday,5
2015-05-08,34304,16.277496793376866,64.2,79.0,52.0,6.3,0.0,Friday,5
2015-05-09,24329,19.63518982832559,58.0,79.0,53.1,8.4,0.0,Saturday,5
2015-05-10,26573,20.346503970195311,66.3,82.0,53.1,6.0,0.01,Sunday,5
2015-05-11,32382,16.478707306528321,74.4,82.9,57.0,9.4,0.0,Monday,5
2015-05-12,35225,15.161436006624083,74.9,87.1,64.0,9.1,0.0,Tuesday,5
2015-05-13,33402,15.454865477117135,65.1,87.1,57.9,15.3,0.0,Wednesday,5
2015-05-14,40826,16.911596776563957,59.7,72.0,52.0,8.5,0.0,Thursday,5
2015-05-15,34945,15.999832117136451,63.2,73.9,52.0,7.6,0.0,Friday,5
2015-05-16,23882,18.769493760991548,65.2,75.0,55.9,6.5,0.01,Saturday,5
2015-05-17,30969,19.890082555673967,70.4,82.9,57.0,3.2,0.28,Sunday,5
2015-05-18,31559,16.207773271227438,63.6,75.9,55.4,7.5,0.02,Monday,5
2015-05-19,33895,14.039197030043766,61.6,82.0,55.0,6.2,0.01,Tuesday,5
2015-05-20,33823,13.874159102780158,62.0,82.0,55.0,13.2,0.0,Wednesday,5
2015-05-21,31214,13.769075308088249,57.1,66.0,53.1,7.0,0.0,Thursday,5
2015-05-22,31891,15.433476529428367,61.8,75.0,53.1,9.9,0.0,Friday,5
2015-05-23,23910,20.412528927924157,59.3,75.0,50.0,11.5,0.0,Saturday,5
2015-05-24,25151,21.735675188527967,65.7,81.0,50.0,8.7,0.0,Sunday,5
2015-05-25,28164,20.071817450172798,72.5,82.9,55.9,8.8,0.0,Monday,5
2015-05-26,35786,15.203880008942043,75.2,86.0,64.9,10.3,0.0,Tuesday,5
2015-05-27,33710,13.713029763670523,73.5,86.0,66.9,9.9,0.0,Wednesday,5
2015-05-28,35934,13.981679838964025,73.4,84.0,66.9,7.0,0.02,Thursday,5
2015-05-29,37756,15.598865081046716,73.0,84.0,64.0,7.2,0.0,Friday,5
2015-05-30,31147,18.942095546922658,73.1,82.9,64.0,9.8,0.0,Saturday,5
2015-05-31,19586,18.385298172163797,74.6,86.0,66.0,9.6,0.0,Sunday,5
2015-06-01,15283,10.937380313638247,57.4,86.0,54.0,13.8,1.69,Monday,6
2015-06-02,11984,11.23334445927904,52.0,57.9,50.0,10.2,0.47,Tuesday,6
2015-06-03,34590,13.803870097330636,58.2,69.1,50.0,7.3,0.24,Wednesday,6
2015-06-04,32772,13.391322368688716,58.1,69.1,53.1,9.4,0.0,Thursday,6
2015-06-05,31294,13.494241707675595,59.5,68.0,54.0,6.5,0.0,Friday,6
2015-06-06,26334,18.094258373205754,65.7,73.9,55.9,7.3,0.55,Saturday,6
2015-06-07,30773,19.354561899500645,65.3,73.9,57.0,7.6,0.0,Sunday,6
2015-06-08,33585,14.49092600863481,67.5,77.0,57.0,11.6,0.0,Monday,6
2015-06-09,35412,13.748893501261346,73.3,84.9,62.1,10.1,0.05,Tuesday,6
2015-06-10,39350,15.831412960609915,74.2,84.9,66.0,8.2,0.01,Wednesday,6
2015-06-11,37400,14.352853832442069,80.2,91.9,66.0,8.8,0.0,Thursday,6
2015-06-12,35136,14.597696569520341,80.7,91.9,71.1,7.7,0.0,Friday,6
2015-06-13,29980,19.425647098065376,80.5,88.0,71.1,10.1,0.0,Saturday,6
2015-06-14,28184,18.834916974169733,77.0,87.1,68.0,6.3,0.0,Sunday,6
2015-06-15,25087,13.001108808014779,70.3,79.0,62.6,9.0,0.79,Monday,6
2015-06-16,32147,13.381549859499591,68.1,79.0,62.6,7.1,0.02,Tuesday,6
2015-06-17,38030,14.446373038828995,73.9,79.0,64.0,8.3,0.34,Wednesday,6
2015-06-18,35464,13.128899729302958,66.8,69.8,64.4,7.5,0.0,Thursday,6
2015-06-19,37380,14.67334091314428,73.2,84.9,64.9,6.0,0.0,Friday,6
2015-06-20,23580,16.7280491942324,69.5,84.9,64.0,8.3,0.0,Saturday,6
2015-06-21,25926,18.059541901308855,75.0,90.0,64.0,9.4,0.25,Sunday,6
2015-06-22,37677,15.116288009484128,79.6,90.0,69.1,10.1,0.29,Monday,6
2015-06-23,32294,13.689253421688241,84.4,91.9,72.0,10.3,0.0,Tuesday,6
2015-06-24,41070,15.155445580715853,77.1,91.9,69.1,10.1,0.07,Wednesday,6
2015-06-25,39673,14.255832262075804,76.8,84.9,69.1,6.0,0.0,Thursday,6
2015-06-26,38614,15.524874397886776,74.8,84.9,69.1,7.7,0.0,Friday,6
2015-06-27,15485,15.89776988483478,69.0,80.1,62.1,8.5,0.0,Saturday,6
2015-06-28,20591,17.467263205607626,64.2,73.9,60.1,12.4,1.32,Sunday,6
2015-06-29,38037,15.260375862099185,71.3,78.1,62.1,10.1,0.26,Monday,6
2015-06-30,38087,14.458011044888458,75.3,82.0,64.0,9.5,0.0,Tuesday,6
2015-07-01,37539,14.627503396467676,76.4,84.9,70.0,9.7,0.35,Wednesday,7
2015-07-02,35559,17.682446544241024,75.7,84.9,70.0,6.4,0.0,Thursday,7
2015-07-03,26928,18.451265102000395,73.5,81.0,66.9,4.8,0.0,Friday,7
2015-07-04,21706,22.563756565005058,71.8,81.0,66.9,6.9,0.0,Saturday,7
2015-07-05,25920,19.966261574074075,75.1,84.9,69.1,4.6,0.0,Sunday,7
2015-07-06,35251,15.052033039251844,77.1,84.9,70.0,6.2,0.0,Monday,7
2015-07-07,36837,14.4385712734479,79.5,88.0,71.1,9.2,0.0,Tuesday,7
2015-07-08,35047,14.531237576207188,82.0,89.1,75.0,7.7,0.0,Wednesday,7
2015-07-09,31978,15.268790522650985,73.8,89.1,68.0,6.4,0.09,Thursday,7
2015-07-10,38559,15.947274739144346,75.8,84.0,68.0,9.4,0.29,Friday,7
2015-07-11,31719,18.81751263701041,78.6,86.0,72.0,3.8,0.0,Saturday,7
2015-07-12,31037,20.14966062012007,81.1,89.1,72.0,4.9,0.0,Sunday,7
2015-07-13,38485,15.629013035381753,80.4,89.1,73.0,6.9,0.0,Monday,7
2015-07-14,35802,14.039480103532393,76.1,84.9,71.1,6.8,0.0,Tuesday,7
2015-07-15,34979,14.36837483442446,75.9,81.0,71.1,6.5,0.95,Wednesday,7
2015-07-16,42356,16.969341612365032,72.1,81.0,64.0,8.7,0.01,Thursday,7
2015-07-17,39595,16.055936776529023,73.5,80.1,64.0,9.0,0.0,Friday,7
2015-07-18,28870,18.415917907862827,76.3,86.0,68.0,9.5,0.0,Saturday,7
2015-07-19,28531,19.219338614139009,84.3,93.9,72.0,5.9,0.18,Sunday,7
2015-07-20,34889,15.001682478718221,89.1,95.0,78.1,7.1,0.0,Monday,7
2015-07-21,38499,14.462454436045952,86.0,95.0,80.1,6.3,0.0,Tuesday,7
2015-07-22,42557,15.674898763227352,77.1,91.9,71.1,11.8,0.0,Wednesday,7
2015-07-23,42175,14.83088559573207,77.1,86.0,71.1,9.2,0.0,Thursday,7
2015-07-24,40330,15.098046532771304,78.2,84.9,71.1,5.4,0.0,Friday,7
2015-07-25,31639,20.197454091469389,78.1,84.9,71.1,6.3,0.0,Saturday,7
2015-07-26,30543,18.382597212672842,79.8,89.1,71.1,9.6,0.0,Sunday,7
2015-07-27,38747,15.524270696225935,79.9,89.1,75.0,8.6,0.05,Monday,7
2015-07-28,40434,14.023608844042144,82.8,93.9,75.9,5.0,0.0,Tuesday,7
2015-07-29,39428,13.735740674985628,86.3,95.0,75.9,5.8,0.0,Wednesday,7
2015-07-30,31166,13.443922864660205,82.1,95.0,75.0,8.8,0.0,Thursday,7
2015-07-31,38571,14.983280616698208,81.1,91.0,73.9,6.8,1.62,Friday,7
2015-08-01,35179,19.96655533130561,83.7,91.0,73.9,7.8,0.0,Saturday,8
2015-08-02,31622,19.153534986191055,81.0,90.0,73.0,6.5,0.0,Sunday,8
2015-08-03,38888,14.867800692587261,82.5,91.9,73.0,9.1,0.0,Monday,8
2015-08-04,40783,14.245816884486185,83.1,91.0,69.8,9.7,0.3,Tuesday,8
2015-08-05,41075,14.34963643741124,80.5,91.0,70.0,6.3,0.0,Wednesday,8
2015-08-06,42283,14.34970121956027,76.3,88.0,64.9,6.7,0.0,Thursday,8
2015-08-07,40999,15.606476580729616,75.8,82.0,69.1,8.3,0.0,Friday,8
2015-08-08,38723,21.16163692551368,74.7,82.0,69.1,6.0,0.0,Saturday,8
2015-08-09,32716,24.251738700737665,75.7,87.1,69.1,6.8,0.0,Sunday,8
2015-08-10,39870,20.883078755956863,74.5,84.0,70.0,8.5,0.0,Monday,8
2015-08-11,25066,21.170636852043931,75.1,82.4,71.1,10.9,0.67,Tuesday,8
2015-08-12,42994,18.275141492611372,77.3,84.9,71.1,9.4,0.51,Wednesday,8
2015-08-13,42170,17.915154928464158,75.7,84.9,69.1,7.6,0.0,Thursday,8
2015-08-14,39983,16.06932362920908,78.9,88.0,69.1,5.2,0.0,Friday,8
2015-08-15,37821,21.430396252522851,81.4,91.9,71.1,6.5,0.0,Saturday,8
2015-08-16,30344,19.528532274365059,82.8,91.9,73.9,4.9,0.0,Sunday,8
2015-08-17,37449,14.142313101373423,84.7,93.0,77.0,4.8,0.0,Monday,8
2015-08-18,39916,14.111271169455856,83.4,93.0,77.0,8.5,0.0,Tuesday,8
2015-08-19,40726,15.054147637054133,80.2,89.1,75.9,9.6,0.0,Wednesday,8
2015-08-20,39280,14.207862780040733,81.0,87.1,75.9,11.0,0.0,Thursday,8
2015-08-21,38038,14.394969504180031,78.7,87.1,71.1,9.1,0.32,Friday,8
2015-08-22,34277,19.970484095263103,76.6,86.0,70.0,6.8,0.0,Saturday,8
2015-08-23,33071,18.218143287673993,75.8,84.0,70.0,5.9,0.0,Sunday,8
2015-08-24,38943,14.512043670663958,78.5,86.0,71.1,5.5,0.0,Monday,8
2015-08-25,41655,16.29378866082503,80.6,88.0,73.0,8.3,0.0,Tuesday,8
2015-08-26,42832,14.30307480388495,76.9,88.0,69.1,9.3,0.0,Wednesday,8
2015-08-27,43173,14.394793427991262,74.2,82.9,68.0,9.0,0.0,Thursday,8
2015-08-28,41755,15.329681076118627,73.1,82.9,66.0,5.3,0.0,Friday,8
2015-08-29,34381,21.110881979387838,76.8,84.9,66.0,5.3,0.0,Saturday,8
2015-08-30,32913,18.776983765280182,79.1,90.0,70.0,7.4,0.0,Sunday,8
2015-08-31,40119,14.145808303630032,82.7,91.9,72.0,7.5,0.08,Monday,8
2015-09-01,43291,14.215529401800222,82.6,91.9,75.9,6.3,0.0,Tuesday,9
2015-09-02,43225,15.431706188548297,80.2,88.0,75.0,5.6,0.0,Wednesday,9
2015-09-03,42879,13.91998841701843,82.6,93.0,75.0,4.9,0.0,Thursday,9
2015-09-04,39956,15.866640804885375,80.3,93.0,75.0,8.6,0.0,Friday,9
2015-09-05,34005,20.368827623388718,72.9,84.0,66.9,8.7,0.0,Saturday,9
2015-09-06,33199,20.810108738215,73.9,84.0,66.9,5.1,0.0,Sunday,9
2015-09-07,33682,19.942311917344572,77.8,90.0,66.9,7.9,0.0,Monday,9
2015-09-08,42766,15.736452243994448,83.3,95.0,71.1,7.8,0.0,Tuesday,9
2015-09-09,44005,13.642563723819267,81.1,88.0,75.2,10.4,0.0,Wednesday,9
2015-09-10,22253,12.542506628319774,75.3,89.1,72.0,8.5,0.66,Thursday,9
2015-09-11,47613,15.510684406919674,72.4,81.0,66.0,8.8,0.52,Friday,9
2015-09-12,33661,19.277701692364065,74.6,81.0,66.0,7.2,0.0,Saturday,9
2015-09-13,34794,20.105077503784177,72.6,79.0,68.0,8.8,0.22,Sunday,9
2015-09-14,44668,16.586815318945707,66.6,79.0,59.0,12.8,0.05,Monday,9
2015-09-15,48729,17.1010236888369,73.2,84.0,59.0,6.2,0.0,Tuesday,9
2015-09-16,51179,16.262160586698972,76.8,87.1,64.9,2.7,0.0,Wednesday,9
2015-09-17,50705,17.223370147585715,78.0,87.1,68.0,4.1,0.0,Thursday,9
2015-09-18,50285,17.841787478041834,76.9,87.1,70.0,5.0,0.0,Friday,9
2015-09-19,43011,23.090150194136381,73.9,84.9,69.1,7.7,0.0,Saturday,9
2015-09-20,40462,22.248878371476113,73.3,80.1,69.1,10.8,0.0,Sunday,9
2015-09-21,47180,16.602875865479724,65.4,75.9,59.0,11.0,0.0,Monday,9
2015-09-22,48685,16.310683304234704,66.3,73.0,59.0,10.8,0.0,Tuesday,9
2015-09-23,48366,17.723571655019363,67.6,79.0,59.0,6.3,0.0,Wednesday,9
2015-09-24,52706,17.991786197649851,69.9,81.0,59.0,6.4,0.0,Thursday,9
2015-09-25,51368,18.575825741057987,68.5,81.0,63.0,9.7,0.0,Friday,9
2015-09-26,42560,21.346217496867158,65.9,70.0,60.8,9.5,0.0,Saturday,9
2015-09-27,38285,20.84113403857037,62.2,70.0,55.9,9.1,0.0,Sunday,9
2015-09-28,48011,17.79297174952962,68.5,79.0,55.9,6.3,0.0,Monday,9
2015-09-29,48725,17.20132615016248,74.7,82.9,64.9,5.5,0.0,Tuesday,9
2015-09-30,39445,14.548676215827946,73.2,82.9,66.0,10.6,1.05,Wednesday,9
2015-10-01,34719,18.449217527386544,59.4,78.1,54.0,13.6,0.06,Thursday,10
2015-10-02,9444,18.69546802202456,53.9,57.9,50.0,16.3,0.13,Friday,10
2015-10-03,16564,20.158481244465911,51.6,55.0,48.2,21.6,1.45,Saturday,10
2015-10-04,30214,20.876187639284222,57.1,63.0,48.9,18.2,0.02,Sunday,10
2015-10-05,44581,18.537194469990954,57.2,64.9,51.8,11.5,0.0,Monday,10
2015-10-06,49719,17.548851210469497,62.4,73.0,52.0,5.0,0.0,Tuesday,10
2015-10-07,50141,16.422139566422686,64.6,73.0,55.0,5.5,0.0,Wednesday,10
2015-10-08,50179,18.02507124494311,64.2,73.0,59.0,5.9,0.0,Thursday,10
2015-10-09,37283,21.964734597537753,66.9,78.1,60.1,7.7,0.0,Friday,10
2015-10-10,39345,23.579905536493413,60.0,78.1,52.0,8.1,0.5,Saturday,10
2015-10-11,38967,25.433789274685417,59.7,70.0,52.0,6.2,0.0,Sunday,10
2015-10-12,45584,18.56271425646425,64.5,75.9,53.1,6.4,0.0,Monday,10
2015-10-13,49047,16.981473212768709,66.1,75.9,55.9,6.8,0.0,Tuesday,10
2015-10-14,49998,15.807131618598081,64.5,73.0,59.0,9.2,0.0,Wednesday,10
2015-10-15,48783,17.141100041681185,58.5,68.0,52.0,9.1,0.0,Thursday,10
2015-10-16,46484,17.561983334767515,59.0,64.0,52.0,10.0,0.0,Friday,10
2015-10-17,31809,20.511525564043719,52.9,64.0,48.0,11.6,0.0,Saturday,10
2015-10-18,23978,16.756904245558427,44.4,55.0,39.0,11.4,0.0,Sunday,10
2015-10-19,36570,16.252126515358672,43.5,53.1,37.0,8.1,0.0,Monday,10
2015-10-20,45376,16.729051334038552,56.0,71.1,37.0,10.5,0.0,Tuesday,10
2015-10-21,49121,16.53545258986313,65.5,75.9,48.9,5.9,0.0,Wednesday,10
2015-10-22,49604,17.312967368222996,65.0,75.9,57.0,7.2,0.0,Thursday,10
2015-10-23,44679,17.506105030700478,60.0,75.9,52.0,11.0,0.0,Friday,10
2015-10-24,31713,19.284232543961991,48.3,64.9,41.0,7.7,0.0,Saturday,10
2015-10-25,29289,19.484441257810094,59.3,68.0,41.0,9.1,0.01,Sunday,10
2015-10-26,42165,15.205814854342067,53.0,68.0,48.0,8.4,0.02,Monday,10
2015-10-27,44553,14.859671252964629,52.2,59.0,46.0,6.0,0.0,Tuesday,10
2015-10-28,20736,14.432488586676955,56.9,70.0,46.0,12.7,0.0,Wednesday,10
2015-10-29,45358,16.448131898819756,67.6,73.9,51.1,13.5,1.26,Thursday,10
2015-10-30,44518,15.936337361666448,56.8,73.9,51.1,13.4,0.01,Friday,10
2015-10-31,31756,20.491124511903266,49.0,60.1,43.0,7.8,0.0,Saturday,10
2015-11-01,30622,20.196167787864933,57.3,64.9,43.0,7.1,0.0,Sunday,11
2015-11-02,44534,16.637726605889139,60.2,64.9,53.1,4.9,0.0,Monday,11
2015-11-03,49326,18.015803700550073,61.3,73.0,51.1,2.5,0.0,Tuesday,11
2015-11-04,49487,16.941281548689556,61.5,73.0,51.1,3.6,0.0,Wednesday,11
2015-11-05,43006,15.287937729619122,62.0,71.1,55.0,3.3,0.0,Thursday,11
2015-11-06,47162,17.097363696761512,68.3,75.0,57.0,7.5,0.0,Friday,11
2015-11-07,35586,21.318811236628644,65.9,75.0,57.0,9.2,0.0,Saturday,11
2015-11-08,32317,19.788492640612272,53.5,72.0,48.0,9.9,0.0,Sunday,11
2015-11-09,42262,15.837494676068333,53.0,60.1,46.0,2.9,0.0,Monday,11
2015-11-10,21585,13.018756080611535,56.0,60.1,46.0,9.6,0.0,Tuesday,11
2015-11-11,37705,14.9378110772223,53.2,59.0,50.0,12.7,0.5,Wednesday,11
2015-11-12,37319,13.343849424332555,55.2,60.1,50.0,8.0,0.23,Thursday,11
2015-11-13,38970,14.53943674621504,56.8,60.1,51.1,16.1,0.01,Friday,11
2015-11-14,25299,17.232278614437991,47.8,59.0,45.0,16.2,0.0,Saturday,11
2015-11-15,25990,18.136986020264207,47.4,59.0,42.1,8.5,0.0,Sunday,11
2015-11-16,40916,15.260485303222863,58.8,68.0,42.1,5.7,0.0,Monday,11
2015-11-17,38939,14.368553806380914,49.1,68.0,41.0,10.7,0.0,Tuesday,11
2015-11-18,41485,13.98574665541762,50.5,59.0,41.0,7.3,0.0,Wednesday,11
2015-11-19,21890,14.644936805238313,59.7,64.0,45.0,11.7,0.0,Thursday,11
2015-11-20,38205,16.313732059503554,58.9,64.4,53.1,12.5,1.16,Friday,11
2015-11-21,28038,16.867668877951349,47.2,64.0,43.0,8.7,0.0,Saturday,11
2015-11-22,23343,16.721426837453055,52.1,55.9,43.0,7.9,0.0,Sunday,11
2015-11-23,30136,13.275741084859744,41.8,55.9,36.0,13.2,0.0,Monday,11
2015-11-24,32218,13.300495582179732,39.2,46.9,33.1,7.2,0.0,Tuesday,11
2015-11-25,30295,15.095552071298894,44.0,48.9,33.1,6.5,0.0,Wednesday,11
2015-11-26,13291,23.749510947257537,48.1,60.1,39.9,3.9,0.0,Thursday,11
2015-11-27,22824,18.527007389881994,55.6,64.9,41.0,5.0,0.0,Friday,11
2015-11-28,15830,17.995388502842708,57.2,64.9,46.9,6.8,0.0,Saturday,11
2015-11-29,18452,15.96862399739865,43.0,46.9,37.9,8.7,0.03,Sunday,11
2015-11-30,30213,12.731424111033879,39.8,46.0,33.8,10.5,0.0,Monday,11
2015-12-01,18399,12.880604924180661,47.1,53.6,44.1,9.6,0.13,Tuesday,12
2015-12-02,23782,13.507134247189757,48.1,55.4,46.0,5.1,0.24,Wednesday,12
2015-12-03,33917,13.151216204263346,51.4,57.2,46.9,11.5,0.1,Thursday,12
2015-12-04,34737,14.553756321309647,46.9,55.9,44.1,10.5,0.0,Friday,12
2015-12-05,26358,21.226578268457388,47.1,52.0,43.0,4.1,0.0,Saturday,12
2015-12-06,24943,19.6803645645405,47.1,53.1,39.9,3.6,0.0,Sunday,12
2015-12-07,34139,14.107047658103635,48.8,55.0,39.9,4.5,0.0,Monday,12
2015-12-08,35614,13.69201718425338,45.3,55.0,41.0,6.5,0.0,Tuesday,12
2015-12-09,35306,14.534629147076036,45.7,53.1,39.0,4.2,0.0,Wednesday,12
2015-12-10,39099,14.727249631277868,55.0,61.0,39.0,6.0,0.0,Thursday,12
2015-12-11,39060,15.879403481822836,54.3,61.0,48.9,5.4,0.0,Friday,12
2015-12-12,31957,20.00469954417915,59.0,66.0,48.9,3.6,0.0,Saturday,12
2015-12-13,32001,19.6570409258044,57.1,66.0,53.1,3.3,0.0,Sunday,12
2015-12-14,32518,13.526458166758918,53.7,62.1,51.1,5.6,0.0,Monday,12
2015-12-15,38661,13.750234517127511,60.7,64.4,55.0,12.4,0.39,Tuesday,12
2015-12-16,35643,13.286628978106965,50.0,64.0,45.0,10.8,0.11,Wednesday,12
2015-12-17,21961,14.378934626534917,53.4,59.0,48.0,6.5,0.05,Thursday,12
2015-12-18,30704,14.703712328469686,51.1,59.0,43.0,9.6,0.88,Friday,12
2015-12-19,17778,14.954873064086703,39.2,57.0,36.0,15.5,0.01,Saturday,12
2015-12-20,17030,16.171584458798197,39.8,44.1,36.0,12.0,0.0,Sunday,12
2015-12-21,29800,12.92418903803132,45.6,55.0,36.0,8.0,0.0,Monday,12
2015-12-22,22941,13.471548029001932,56.8,62.6,55.0,6.4,0.0,Tuesday,12
2015-12-23,14817,13.377803648961779,54.2,62.1,50.0,6.1,0.18,Wednesday,12
2015-12-24,18447,18.842397137745976,64.0,72.0,50.0,9.2,1.46,Thursday,12
2015-12-25,12333,34.91361253006837,60.3,72.0,54.0,2.3,0.01,Friday,12
2015-12-26,13914,23.21140697618706,54.5,64.0,50.0,7.7,0.03,Saturday,12
2015-12-27,13177,21.124116516151883,52.4,62.6,46.0,6.8,0.14,Sunday,12
2015-12-28,18889,14.818268127834545,44.8,62.1,39.0,11.7,0.02,Monday,12
2015-12-29,13347,12.112379810694042,40.2,46.9,33.8,12.7,0.37,Tuesday,12
2015-12-30,22477,15.921718497427001,41.8,48.0,34.0,4.8,0.13,Wednesday,12
2015-12-31,20376,16.815838895432538,47.0,48.2,46.0,5.7,0.17,Thursday,12
2016-01-01,11009,20.218967814212611,41.9,50.0,39.0,11.8,0.03,Friday,1
2016-01-02,14587,17.119549370444009,37.3,43.0,34.0,11.9,0.0,Saturday,1
2016-01-03,15499,15.743290965008494,40.0,46.9,34.0,9.9,0.0,Sunday,1
2016-01-04,19593,12.859374946834754,33.7,46.9,21.0,13.9,0.0,Monday,1
2016-01-05,18053,11.371251315570818,19.5,37.9,12.9,13.8,0.0,Tuesday,1
2016-01-06,24569,13.925138724951491,32.2,43.0,12.9,4.2,0.0,Wednesday,1
2016-01-07,27773,12.8975695819681,39.0,48.0,26.1,3.7,0.0,Thursday,1
2016-01-08,28709,14.043273886237769,40.3,48.0,32.0,7.0,0.0,Friday,1
2016-01-09,20846,14.839802999776136,43.7,48.0,34.0,10.8,0.0,Saturday,1
2016-01-10,14275,15.18351430239346,50.9,59.0,41.0,12.7,0.63,Sunday,1
2016-01-11,22937,11.935826394035834,37.8,59.0,30.9,16.0,0.79,Monday,1
2016-01-12,25211,12.203203628045962,32.9,45.0,26.1,9.0,0.0,Tuesday,1
2016-01-13,21133,13.283152731115637,29.3,45.0,24.1,16.9,0.0,Wednesday,1
2016-01-14,23780,13.019561956826468,28.7,39.0,24.1,11.0,0.0,Thursday,1
2016-01-15,28435,14.487640818240434,40.2,52.0,24.1,4.8,0.0,Friday,1
2016-01-16,19178,16.918041505892159,46.3,52.0,34.0,9.6,0.24,Saturday,1
2016-01-17,12024,16.351681359503214,38.9,46.9,30.2,9.5,0.02,Sunday,1
2016-01-18,12718,12.472764323530949,29.0,44.1,24.1,15.0,0.05,Monday,1
2016-01-19,17281,11.166679204521339,22.8,33.1,18.0,19.0,0.0,Tuesday,1
2016-01-20,23420,12.554346712211785,32.1,37.9,18.0,13.0,0.0,Wednesday,1
2016-01-21,23672,13.704975639292551,32.6,37.9,28.0,10.8,0.0,Thursday,1
2016-01-22,20950,14.860442322991247,27.3,37.9,21.9,10.5,0.0,Friday,1
2016-01-27,6761,17.990472316718432,44.4,48.9,35.1,10.3,0.01,Wednesday,1
2016-01-28,11946,16.815265918857083,37.9,48.0,28.9,5.4,0.0,Thursday,1
2016-01-29,16028,14.059549954246735,39.8,44.1,28.9,8.0,0.0,Friday,1
2016-01-30,12973,15.286832909375883,34.0,42.1,30.0,10.4,0.0,Saturday,1
2016-01-31,16118,16.035860528601564,42.4,55.9,30.0,6.8,0.0,Sunday,1
2016-02-01,24334,13.250679433440183,50.5,59.0,37.0,6.5,0.0,Monday,2
2016-02-02,28528,14.370903439895304,45.5,59.0,37.9,5.0,0.0,Tuesday,2
2016-02-03,16203,11.663013022279825,48.1,57.0,37.9,9.0,0.0,Wednesday,2
2016-02-04,27766,15.733332132824321,54.0,57.9,42.1,8.2,0.69,Thursday,2
2016-02-05,13670,13.922404291636184,39.4,57.9,32.0,13.7,0.31,Friday,2
2016-02-06,16933,16.371742553987282,36.0,44.1,32.0,9.3,0.05,Saturday,2
2016-02-07,17605,15.890264129508658,39.6,46.0,32.0,5.0,0.0,Sunday,2
2016-02-08,19026,12.806705736010368,36.7,39.9,30.2,13.5,0.0,Monday,2
2016-02-09,22741,13.106703750934434,30.2,41.0,27.0,8.3,0.06,Tuesday,2
2016-02-10,22420,13.478496134403805,35.4,39.9,27.0,7.6,0.01,Wednesday,2
2016-02-11,18748,13.523118021477849,28.1,39.9,23.0,17.3,99.99,Thursday,2
2016-02-12,16449,15.263371633533954,21.7,32.0,17.1,12.3,0.05,Friday,2
2016-02-13,6625,13.904042767295596,21.6,27.0,10.9,17.0,0.0,Saturday,2
2016-02-14,4653,15.776377247653844,8.3,24.1,1.0,15.8,0.0,Sunday,2
2016-02-15,5884,11.873243825062314,19.1,30.9,1.0,6.2,0.0,Monday,2
2016-02-16,14542,12.414541787007748,46.1,57.2,30.9,13.4,0.49,Tuesday,2
2016-02-17,23572,12.860501159567848,39.9,57.0,35.1,12.6,0.8,Wednesday,2
2016-02-18,22261,14.314943922854619,33.9,41.0,28.9,12.8,0.0,Thursday,2
2016-02-19,21959,13.206008925725213,30.2,37.4,25.0,7.6,0.0,Friday,2
2016-02-20,24484,20.461634128410392,47.4,62.1,25.0,10.1,0.0,Saturday,2
2016-02-21,20052,19.637280570516648,53.1,62.1,39.9,8.4,0.0,Sunday,2
2016-02-22,28233,14.050746762063303,46.0,57.0,39.0,6.1,0.05,Monday,2
2016-02-23,16133,12.8781131841567,38.8,53.1,36.0,13.0,0.0,Tuesday,2
2016-02-24,9761,11.923438513813478,39.8,55.4,35.6,14.0,0.3,Wednesday,2
2016-02-25,25102,12.412082038615781,52.7,61.0,36.0,17.1,1.48,Thursday,2
2016-02-26,22573,12.972426497733275,36.6,41.0,33.1,17.7,0.02,Friday,2
2016-02-27,17226,16.949139866093887,32.6,42.1,28.0,11.5,0.0,Saturday,2
2016-02-28,25437,20.957101204282477,46.3,61.0,28.0,10.1,0.0,Sunday,2
2016-02-29,27954,13.314709284300395,51.2,61.0,39.0,9.4,0.0,Monday,2
2016-03-01,30509,15.124711287379682,46.6,61.0,39.9,11.4,0.07,Tuesday,3
2016-03-02,26195,13.532020741871859,46.5,55.9,36.0,15.1,0.17,Wednesday,3
2016-03-03,24061,13.285572087610657,31.5,36.0,27.0,11.9,0.0,Thursday,3
2016-03-04,17369,12.661628955802479,33.7,42.1,27.0,10.0,0.04,Friday,3
2016-03-05,18023,16.74782962510865,34.8,42.1,30.0,9.4,0.04,Saturday,3
2016-03-06,18832,16.345742176437266,37.8,46.9,30.0,4.5,0.0,Sunday,3
2016-03-07,31492,16.197380287057033,45.1,61.0,33.1,9.3,0.0,Monday,3
2016-03-08,36521,15.032190611794128,53.9,64.0,37.0,5.8,0.0,Tuesday,3
2016-03-09,41490,18.32860287619507,54.0,75.0,41.0,5.3,0.0,Wednesday,3
2016-03-10,42252,17.652698886048789,70.0,78.1,64.0,6.7,0.0,Thursday,3
2016-03-11,38195,18.27540777588689,61.2,78.1,54.0,9.7,0.04,Friday,3
2016-03-12,32771,22.656505243457126,49.6,66.0,41.0,7.2,0.0,Saturday,3
2016-03-13,27550,22.44610889292197,56.7,64.0,41.0,5.6,0.0,Sunday,3
2016-03-14,10930,12.241709362610552,47.6,64.0,41.0,12.0,0.02,Monday,3
2016-03-15,31596,15.491558530615698,48.0,57.0,41.0,12.8,0.17,Tuesday,3
2016-03-16,36067,16.4251014315949,53.5,64.9,44.1,3.2,0.0,Wednesday,3
2016-03-17,35390,16.21275737025525,52.2,64.9,45.0,7.6,0.02,Thursday,3
2016-03-18,34647,15.460024917982318,53.0,64.0,45.0,13.3,0.04,Friday,3
2016-03-19,24048,18.36390552228875,43.5,57.0,37.0,7.0,0.0,Saturday,3
2016-03-20,16678,19.044263900547623,38.9,46.9,33.1,12.7,0.0,Sunday,3
2016-03-21,26414,13.608512531233433,39.6,50.0,33.1,10.4,0.14,Monday,3
2016-03-22,33497,15.566450726930771,43.8,55.0,37.0,13.6,0.07,Tuesday,3
2016-03-23,40983,17.209375838762412,57.4,71.1,50.0,9.1,0.0,Wednesday,3
2016-03-24,36495,15.035235420377212,50.1,71.1,44.1,11.2,0.0,Thursday,3
2016-03-25,34097,19.25185158029543,55.9,73.0,44.1,7.9,0.0,Friday,3
2016-03-26,27478,25.452501395055435,47.0,73.0,39.0,10.5,0.07,Saturday,3
2016-03-27,22483,21.43104419635576,45.8,54.0,39.0,6.8,0.0,Sunday,3
2016-03-28,20345,14.658629474891459,47.3,62.1,42.8,11.2,0.19,Monday,3
2016-03-29,31481,14.373479770867085,49.7,63.0,43.0,21.8,0.32,Tuesday,3
2016-03-30,33684,16.178734216047182,45.4,53.1,39.0,10.7,0.0,Wednesday,3
2016-03-31,38348,18.082657939570939,57.2,70.0,39.0,11.1,0.0,Thursday,3
2016-04-01,34449,17.703992859008967,62.6,79.0,48.9,9.1,0.0,Friday,4
2016-04-02,21839,18.661319199597042,56.3,79.0,48.9,6.9,0.01,Saturday,4
2016-04-03,15322,18.475351346647514,42.3,61.0,35.1,19.7,0.24,Sunday,4
2016-04-04,12302,11.236617352192052,39.7,50.0,35.1,9.4,0.11,Monday,4
2016-04-05,26238,15.07687006123434,33.3,45.0,27.0,13.3,0.5,Tuesday,4
2016-04-06,29365,15.281174300471086,39.0,48.0,27.0,9.9,0.0,Wednesday,4
2016-04-07,30402,13.857027498190908,52.0,60.1,32.0,12.8,0.0,Thursday,4
2016-04-08,30817,16.405474792052008,48.9,60.1,44.1,13.7,0.15,Friday,4
2016-04-09,12702,20.6566826746444,41.1,46.9,37.4,8.1,0.0,Saturday,4
2016-04-10,23229,20.432587139638674,40.5,50.0,33.1,11.5,0.07,Sunday,4
2016-04-11,32048,14.772181311366287,50.2,61.0,33.1,11.7,0.0,Monday,4
2016-04-12,23765,13.984453327722841,53.2,61.0,44.1,10.9,0.04,Tuesday,4
2016-04-13,37539,15.087523642078908,48.4,57.9,42.1,8.8,0.19,Wednesday,4
2016-04-14,38505,16.651420594727963,49.9,61.0,42.1,6.5,0.0,Thursday,4
2016-04-15,39676,15.267669371912495,50.8,63.0,43.0,5.2,0.0,Friday,4
2016-04-16,36148,21.125675002766403,52.6,64.9,44.1,6.7,0.0,Saturday,4
2016-04-17,38843,24.615982287670878,55.8,73.9,45.0,4.5,0.0,Sunday,4
2016-04-18,43994,17.210900350047741,62.5,80.1,48.0,4.4,0.0,Monday,4
2016-04-19,46075,15.246389943931996,65.5,80.1,48.9,8.6,0.0,Tuesday,4
2016-04-20,44547,17.056459095636818,58.8,69.1,51.1,10.7,0.0,Wednesday,4
2016-04-21,45570,15.98853631775291,58.8,70.0,50.0,8.2,0.0,Thursday,4
2016-04-22,48815,19.96650756256615,70.0,78.1,50.0,7.1,0.0,Friday,4
2016-04-23,33647,23.983271911314535,66.5,78.1,61.0,8.7,0.14,Saturday,4
2016-04-24,37866,23.703855701684883,56.5,69.1,48.0,9.7,0.0,Sunday,4
2016-04-25,42308,17.7295645425609,56.6,68.0,48.0,6.5,0.0,Monday,4
2016-04-26,34643,16.306175850821237,54.4,68.0,50.0,9.4,0.19,Tuesday,4
2016-04-27,41931,17.220674043865724,51.1,57.9,46.4,7.9,0.11,Wednesday,4
2016-04-28,37428,15.516839442841366,53.3,60.1,46.9,8.3,0.0,Thursday,4
2016-04-29,34878,18.542412600110865,52.0,59.0,48.0,7.8,0.0,Friday,4
2016-04-30,38258,25.18861109658982,52.8,63.0,46.9,6.2,0.02,Saturday,4
2016-05-01,10697,14.554683556137231,50.1,63.0,46.9,7.3,0.0,Sunday,5
2016-05-02,38537,17.375605694959816,50.6,61.0,44.6,6.1,0.15,Monday,5
2016-05-03,22858,16.129716073147257,54.5,62.1,45.0,7.3,0.73,Tuesday,5
2016-05-04,31619,13.670899880873316,51.3,55.0,48.9,9.0,0.07,Wednesday,5
2016-05-05,39903,15.952207018686979,51.8,57.9,46.9,11.6,0.02,Thursday,5
2016-05-06,18860,14.942227819017319,52.2,57.9,46.9,13.0,0.38,Friday,5
2016-05-07,31078,20.771490550657475,52.3,57.2,48.2,8.7,0.18,Saturday,5
2016-05-08,31197,21.021818337233285,55.4,64.9,48.9,9.8,0.07,Sunday,5
2016-05-09,45724,17.347089420581465,62.9,73.9,48.9,9.9,0.08,Monday,5
2016-05-10,44849,15.381039339412997,59.1,73.9,51.1,7.6,0.0,Tuesday,5
2016-05-11,51181,16.623003653699616,63.0,73.9,51.1,5.4,0.0,Wednesday,5
2016-05-12,52273,16.9415246239295,66.2,78.1,53.1,5.7,0.0,Thursday,5
2016-05-13,32391,16.224954462659376,61.6,78.1,55.9,5.7,0.0,Friday,5
2016-05-14,42063,23.048131770598069,66.2,73.0,57.9,6.8,0.25,Saturday,5
2016-05-15,28661,20.685222660293316,56.0,73.0,48.0,15.4,0.0,Sunday,5
2016-05-16,42787,17.327288272917784,52.8,68.0,44.1,16.9,0.0,Monday,5
2016-05-17,43396,15.650359480136414,62.3,68.0,44.1,9.2,0.0,Tuesday,5
2016-05-18,44803,16.130900088535736,59.3,69.1,55.0,7.2,0.0,Wednesday,5
2016-05-19,49182,16.149817006221792,60.9,71.1,55.0,5.3,0.0,Thursday,5
2016-05-20,52543,18.398681397458592,64.4,78.1,55.9,5.7,0.0,Friday,5
2016-05-21,30519,19.70429896130279,62.4,78.1,57.0,6.3,0.0,Saturday,5
2016-05-22,37802,19.757680369645332,60.7,71.1,54.0,6.5,0.18,Sunday,5
2016-05-23,48578,15.86535914748789,65.0,77.0,54.0,6.0,0.11,Monday,5
2016-05-24,34796,14.567491474115798,65.6,77.0,55.9,5.3,0.26,Tuesday,5
2016-05-25,53439,16.455156034606439,74.4,90.0,60.1,3.9,0.02,Wednesday,5
2016-05-26,52133,15.946899916239877,82.2,91.9,60.1,7.2,0.0,Thursday,5
2016-05-27,46937,17.443640056529667,76.6,91.9,55.0,7.2,0.0,Friday,5
2016-05-28,34222,21.961184325872242,79.9,91.9,66.9,8.4,0.0,Saturday,5
2016-05-29,36877,24.451472462510516,80.0,91.9,73.0,9.1,0.0,Sunday,5
2016-05-30,32619,19.592957580959979,73.5,87.1,69.1,6.6,1.53,Monday,5
2016-05-31,49756,15.286392595867827,76.7,86.0,69.1,7.5,0.0,Tuesday,5
2016-06-01,54665,18.269959145095886,76.0,84.0,68.0,6.7,0.0,Wednesday,6
2016-06-02,54401,16.113568990766097,68.9,82.9,62.1,9.2,0.0,Thursday,6
2016-06-03,38975,15.665131922172328,66.3,73.9,62.1,6.3,0.0,Friday,6
2016-06-04,40977,21.640899773043408,72.8,82.9,63.0,5.5,0.02,Saturday,6
2016-06-05,22397,17.383874328407082,69.3,82.9,66.0,7.5,0.27,Sunday,6
2016-06-06,52149,16.091471872263451,75.1,87.1,66.9,9.1,0.67,Monday,6
2016-06-07,51812,15.050389549396533,79.3,87.1,68.0,9.1,0.0,Tuesday,6
2016-06-08,42250,13.552358185404341,64.9,87.1,55.0,13.0,0.01,Wednesday,6
2016-06-09,52905,15.7552358000189,63.6,73.9,55.0,17.1,0.44,Thursday,6
2016-06-10,53299,16.033148214162864,67.9,78.1,55.9,12.0,0.0,Friday,6
2016-06-11,41030,18.50436956698351,74.6,90.0,59.0,7.0,0.0,Saturday,6
2016-06-12,40637,19.728615957542793,80.2,90.0,64.0,14.0,0.1,Sunday,6
2016-06-13,49069,15.067314054358823,66.0,86.0,59.0,16.9,0.0,Monday,6
2016-06-14,54813,15.484833889770673,69.0,81.0,59.0,11.2,0.0,Tuesday,6
2016-06-15,55049,15.635799620943764,75.3,87.1,60.1,6.2,0.0,Wednesday,6
2016-06-16,46198,14.328816904050681,73.3,87.1,66.0,4.4,0.12,Thursday,6
2016-06-17,54236,16.921548418024933,71.2,77.0,66.0,6.4,0.0,Friday,6
2016-06-18,48901,20.863376345405356,73.0,86.0,63.0,5.3,0.0,Saturday,6
2016-06-19,45270,21.224787570871069,75.1,86.0,63.0,7.5,0.0,Sunday,6
2016-06-20,52247,15.858149431227313,73.4,84.0,66.0,6.9,0.0,Monday,6
2016-06-21,53564,14.265951323027902,80.8,89.1,66.0,10.0,0.0,Tuesday,6
2016-06-22,55749,15.746382894760444,77.9,89.1,66.9,8.8,0.0,Wednesday,6
2016-06-23,53206,14.599842749564583,74.3,86.0,66.9,6.8,0.0,Thursday,6
2016-06-24,54186,15.93094064887609,74.7,84.9,68.0,8.7,0.0,Friday,6
2016-06-25,43000,20.470972868217064,73.3,84.9,64.9,8.0,0.0,Saturday,6
2016-06-26,42992,19.894191555017983,75.8,86.0,64.9,7.5,0.0,Sunday,6
2016-06-27,47023,14.955021656069016,75.7,86.0,69.1,9.9,0.0,Monday,6
2016-06-28,49593,14.705213101311339,72.6,84.0,69.1,9.3,0.54,Tuesday,6
2016-06-29,54882,14.842684304507852,75.7,87.1,70.0,5.5,0.07,Wednesday,6
2016-06-30,54843,14.294404026037959,77.6,87.1,70.0,6.9,0.0,Thursday,6
2016-07-01,39669,17.035908391943327,76.9,87.1,70.0,8.4,0.0,Friday,7
2016-07-02,35837,20.688649533536104,72.9,81.0,68.0,11.5,0.28,Saturday,7
2016-07-03,35348,23.127338180377951,75.4,82.0,68.0,7.3,0.0,Sunday,7
2016-07-04,34860,20.668269745649265,76.7,86.0,69.1,7.8,0.0,Monday,7
2016-07-05,43744,14.842111299073398,76.0,89.1,69.1,6.3,1.08,Tuesday,7
2016-07-06,51353,14.844884102843723,85.8,96.1,69.1,5.3,0.57,Wednesday,7
2016-07-07,48742,14.107261704484838,85.1,96.1,77.0,7.3,0.0,Thursday,7
2016-07-08,44419,16.502004772732384,78.8,93.0,73.9,6.5,0.02,Friday,7
2016-07-09,38142,17.583796951741743,70.3,86.0,66.0,9.0,0.01,Saturday,7
2016-07-10,41991,20.965287799766617,73.0,81.0,66.9,7.0,0.41,Sunday,7
2016-07-11,52870,15.011559170291909,74.5,82.0,68.5,8.7,0.0,Monday,7
2016-07-12,56537,16.041030062908657,76.6,84.0,69.1,8.1,0.0,Tuesday,7
2016-07-13,55486,16.676759302646911,78.1,86.0,71.1,8.8,0.0,Wednesday,7
2016-07-14,50350,15.634059582919566,80.4,91.0,73.0,7.8,0.0,Thursday,7
2016-07-15,48572,15.101955173076393,86.6,91.9,75.0,6.4,0.5,Friday,7
2016-07-16,38406,18.126586991615891,84.1,91.9,77.0,8.0,0.0,Saturday,7
2016-07-17,41347,20.469013068259692,83.1,93.0,77.0,5.1,0.0,Sunday,7
2016-07-18,43687,15.443204690945437,86.3,97.0,77.0,8.5,0.0,Monday,7
2016-07-19,54593,15.406976474395377,80.2,97.0,75.9,10.9,0.12,Tuesday,7
2016-07-20,57225,15.270819571865443,77.9,88.0,71.1,7.2,0.0,Wednesday,7
2016-07-21,54842,15.428570560276182,80.9,91.0,71.1,8.3,0.0,Thursday,7
2016-07-22,49191,15.723654394774114,85.1,98.1,75.0,11.3,0.0,Friday,7
2016-07-23,37523,18.093327647931503,89.5,99.0,75.9,11.0,0.0,Saturday,7
2016-07-24,39637,21.143647349698519,85.2,99.0,75.9,7.0,0.0,Sunday,7
2016-07-25,35379,14.396699077607247,84.3,93.9,75.9,8.2,0.02,Monday,7
2016-07-26,52912,15.439079666868258,81.7,93.9,75.0,8.3,0.77,Tuesday,7
2016-07-27,54163,15.903475004461837,84.5,93.9,75.0,6.6,0.0,Wednesday,7
2016-07-28,50151,14.930211428153646,84.7,93.9,77.0,6.1,0.0,Thursday,7
2016-07-29,37703,15.571842205306389,78.1,93.9,71.1,8.3,0.89,Friday,7
2016-07-30,27780,17.541447684185261,78.4,84.9,71.1,7.2,0.13,Saturday,7
2016-07-31,27651,16.085205477800681,77.7,84.0,75.0,8.1,0.18,Sunday,7
2016-08-01,49401,15.414388710080095,74.2,82.9,71.1,10.4,0.57,Monday,8
2016-08-02,56764,14.986372231226362,74.2,80.1,71.1,10.5,0.0,Tuesday,8
2016-08-03,57003,15.262554017624801,74.2,81.0,68.0,7.5,0.0,Wednesday,8
2016-08-04,56604,16.344651143617646,75.6,84.0,68.0,5.9,0.0,Thursday,8
2016-08-05,53297,16.137032103120251,77.4,86.0,70.0,8.1,0.0,Friday,8
2016-08-06,44213,19.81680275032231,80.8,91.0,72.0,8.8,0.0,Saturday,8
2016-08-07,43631,19.053288945932941,81.5,91.0,73.9,9.2,0.0,Sunday,8
2016-08-08,52262,15.647659229778165,80.8,89.1,73.9,7.1,0.0,Monday,8
2016-08-09,56112,14.844586125368307,80.8,89.1,75.0,6.5,0.0,Tuesday,8
2016-08-10,50114,14.844030942783787,81.5,89.1,75.0,9.3,0.01,Wednesday,8
2016-08-11,47430,14.217371565113499,86.8,97.0,75.9,7.2,0.05,Thursday,8
2016-08-12,44750,16.519986964618248,86.5,98.1,75.9,7.9,0.56,Friday,8
2016-08-13,38912,18.48750856633772,89.2,98.1,75.9,7.0,0.07,Saturday,8
2016-08-14,32961,17.3953884894269,90.7,97.0,82.0,8.6,0.0,Sunday,8
2016-08-15,49063,14.420397244359288,84.6,98.1,78.1,5.6,0.01,Monday,8
2016-08-16,50426,14.790182643874195,84.9,93.0,78.1,9.0,0.0,Tuesday,8
2016-08-17,53989,15.480586786197188,82.8,91.0,78.1,11.7,0.13,Wednesday,8
2016-08-18,53218,15.552684242173704,80.3,88.0,75.0,5.4,0.02,Thursday,8
2016-08-19,51669,16.083249143587061,81.6,89.1,75.0,6.6,0.0,Friday,8
2016-08-20,45817,21.147449636597781,79.0,89.1,75.0,6.3,0.02,Saturday,8
2016-08-21,35051,20.34399826918871,80.7,89.1,75.0,9.7,0.12,Sunday,8
2016-08-22,54404,15.145024569271866,76.0,89.1,71.1,15.1,0.13,Monday,8
2016-08-23,58674,16.090486416470675,74.3,84.0,66.9,6.4,0.0,Tuesday,8
2016-08-24,58154,15.984386571287732,78.6,89.1,66.9,6.4,0.0,Wednesday,8
2016-08-25,53487,16.079057216395253,78.6,89.1,71.1,10.6,0.0,Thursday,8
2016-08-26,52037,16.261287481343402,83.6,91.0,73.0,8.7,0.01,Friday,8
2016-08-27,45674,19.996362262994261,82.4,91.0,75.9,8.2,0.0,Saturday,8
2016-08-28,44639,19.585727353509995,80.7,89.1,73.9,6.3,0.0,Sunday,8
2016-08-29,53288,15.807719686733728,82.1,91.0,73.9,8.6,0.0,Monday,8
2016-08-30,57405,15.320482246029677,79.0,91.0,72.0,9.0,0.0,Tuesday,8
2016-08-31,57214,14.513126157933369,80.5,90.0,72.0,7.5,0.0,Wednesday,8
2016-09-01,38187,13.335008423459989,76.9,90.0,73.0,5.6,0.03,Thursday,9
2016-09-02,53007,16.309208217782558,75.0,82.9,68.0,9.2,0.31,Friday,9
2016-09-03,41630,19.121974137240773,73.5,82.9,68.0,10.8,0.0,Saturday,9
2016-09-04,46023,21.001488748379433,72.1,81.0,66.0,9.5,0.0,Sunday,9
2016-09-05,45436,19.362901663878862,73.8,84.0,66.0,10.8,0.0,Monday,9
2016-09-06,52447,14.600942221035838,77.8,84.0,66.9,15.2,0.0,Tuesday,9
2016-09-07,60500,15.659115977961433,77.2,86.0,71.6,11.2,0.01,Wednesday,9
2016-09-08,61596,14.537538963569062,79.0,88.0,72.0,6.0,0.0,Thursday,9
2016-09-09,56813,14.74308198241013,86.5,93.0,73.0,7.5,0.0,Friday,9
2016-09-10,48455,17.357957555119871,82.2,93.0,75.9,7.1,0.05,Saturday,9
2016-09-11,52245,19.226808626024813,80.6,91.0,75.9,11.5,0.0,Sunday,9
2016-09-12,61103,16.013179112864069,71.3,84.0,64.0,8.2,0.0,Monday,9
2016-09-13,64839,15.124181691060418,73.2,82.0,64.0,7.7,0.0,Tuesday,9
2016-09-14,59203,14.403582307202903,78.0,91.9,68.0,8.5,0.0,Wednesday,9
2016-09-15,67331,15.071359403543687,70.4,91.9,63.0,10.3,0.37,Thursday,9
2016-09-16,65275,15.404889825098941,68.5,75.0,63.0,6.4,0.0,Friday,9
2016-09-17,59200,19.254599662162168,69.2,78.1,64.0,6.3,0.0,Saturday,9
2016-09-18,51686,17.322673128764723,76.3,84.9,64.0,8.8,0.0,Sunday,9
2016-09-19,34217,13.569371949615688,75.2,84.9,72.0,5.9,0.31,Monday,9
2016-09-20,64891,14.961962881344613,75.4,84.0,71.1,5.1,0.47,Tuesday,9
2016-09-21,65463,14.889102240960542,77.6,84.9,71.1,4.0,0.0,Wednesday,9
2016-09-22,67810,14.726635697783017,76.8,86.0,70.0,5.8,0.0,Thursday,9
2016-09-23,65517,15.437967245142479,77.2,89.1,69.1,4.3,0.0,Friday,9
2016-09-24,53259,17.905720785845279,68.5,89.1,59.0,9.5,0.44,Saturday,9
2016-09-25,53568,18.010823626045397,64.2,72.0,57.9,6.8,0.2,Sunday,9
2016-09-26,61386,14.318692644359738,65.6,73.0,57.0,7.2,0.0,Monday,9
2016-09-27,61346,14.1435059607255,70.5,75.9,57.0,8.4,0.15,Tuesday,9
2016-09-28,59464,13.587116574734294,67.6,75.9,62.1,10.8,0.0,Wednesday,9
2016-09-29,55578,12.945873966917365,63.2,71.1,60.1,18.2,0.0,Thursday,9
2016-09-30,21381,11.51355486958826,62.1,66.9,60.1,21.8,0.0,Friday,9
2017-04-01,23849,18.603828252756923,42.2,48.0,39.0,17.2,1.78,Saturday,4
2017-04-02,39780,23.5137967152673,50.6,63.0,39.0,9.7,0.01,Sunday,4
2017-04-03,43485,18.11945076846423,56.4,63.0,43.0,7.0,0.0,Monday,4
2017-04-04,29991,16.879809498405073,50.1,63.0,45.0,11.3,1.6,Tuesday,4
2017-04-05,47636,19.631894295630754,51.7,63.0,45.0,5.4,0.03,Wednesday,4
2017-04-06,18020,16.070371809101,46.0,53.1,42.8,12.1,0.02,Thursday,4
2017-04-07,35779,12.251440789289804,50.1,54.0,43.0,13.2,0.83,Friday,4
2017-04-08,35936,19.264894998515874,47.4,57.9,42.1,16.0,0.0,Saturday,4
2017-04-09,43896,23.299745231152421,54.4,68.0,42.1,8.8,0.0,Sunday,4
2017-04-10,50424,21.01831006399069,61.3,73.0,46.0,7.6,0.0,Monday,4
2017-04-11,57310,23.409557959634746,67.4,78.1,52.0,7.9,0.0,Tuesday,4
2017-04-12,51188,14.593362376598686,63.9,78.1,54.0,4.3,0.0,Wednesday,4
2017-04-13,52915,15.516411540520959,58.5,77.0,50.0,9.8,0.03,Thursday,4
2017-04-14,52232,19.175458212079445,57.2,66.0,50.0,7.1,0.0,Friday,4
2017-04-15,42531,19.468383061766719,57.2,66.0,50.0,8.4,0.0,Saturday,4
2017-04-16,48140,30.834774269491749,70.8,88.0,52.0,9.5,0.0,Sunday,4
2017-04-17,53247,15.31321952410465,70.9,88.0,60.1,12.2,0.0,Monday,4
2017-04-18,53809,14.697618737881516,59.2,73.0,51.1,10.2,0.0,Tuesday,4
2017-04-19,45787,12.659509613354594,50.0,64.9,46.0,11.0,0.0,Wednesday,4
2017-04-20,44264,19.711147885414778,54.4,66.0,46.0,6.7,0.19,Thursday,4
2017-04-21,39868,13.169335891776193,52.3,66.0,48.9,11.2,0.3,Friday,4
2017-04-22,34596,16.986248410220838,51.8,55.9,48.0,6.9,0.02,Saturday,4
2017-04-23,49107,20.69660367496828,54.7,64.9,48.0,7.0,0.07,Sunday,4
2017-04-24,48692,14.031161860949091,53.5,64.9,48.0,6.0,0.0,Monday,4
2017-04-25,20332,11.593425798413012,52.8,59.0,48.0,16.3,0.07,Tuesday,4
2017-04-26,37727,12.711058834963463,55.2,62.1,50.0,11.9,0.73,Wednesday,4
2017-04-27,52035,14.989963486115114,62.0,69.1,53.1,5.1,0.13,Thursday,4
2017-04-28,62199,16.742810173797011,66.6,84.9,55.0,5.9,0.01,Friday,4
2017-04-29,57701,22.421804936945062,76.9,88.0,55.0,8.8,0.06,Saturday,4
2017-04-30,42928,17.934724422288483,64.7,88.0,55.9,10.1,0.0,Sunday,4
2017-05-01,56218,15.693653574774389,55.9,73.0,50.0,9.3,0.0,Monday,5
2017-05-02,61207,17.978807979479473,70.5,78.1,50.0,12.9,0.0,Tuesday,5
2017-05-03,59252,17.574413240621976,64.3,78.1,61.0,14.1,0.0,Wednesday,5
2017-05-04,57429,16.835364246867144,57.7,66.9,51.1,8.9,0.0,Thursday,5
2017-05-05,24009,12.928580254626745,56.0,66.0,51.1,11.4,0.01,Friday,5
2017-05-06,46618,17.841924792998409,62.4,66.9,53.1,13.8,2.31,Saturday,5
2017-05-07,34293,15.373477094450765,56.1,66.9,53.1,12.2,0.01,Sunday,5
2017-05-08,51553,14.05776256150628,53.4,62.1,48.0,12.5,0.0,Monday,5
2017-05-09,56461,13.922706528990515,55.6,64.0,48.0,9.2,0.0,Tuesday,5
2017-05-10,58454,15.490982938150797,56.8,64.9,48.9,6.2,0.0,Wednesday,5
2017-05-11,57208,13.885394525241226,57.1,64.9,52.0,6.4,0.0,Thursday,5
2017-05-12,56675,14.96593706807823,56.5,64.0,52.0,6.9,0.0,Friday,5
2017-05-13,5704,19.468972066386165,53.2,55.9,48.0,11.1,0.13,Saturday,5
2017-05-14,38729,17.567197707144519,55.4,70.0,46.9,13.4,1.61,Sunday,5
2017-05-15,54715,14.220029547046819,61.7,70.0,46.9,17.8,0.01,Monday,5
2017-05-16,64504,15.439990026458306,68.8,82.9,54.0,10.3,0.0,Tuesday,5
2017-05-17,65794,17.13880647678106,79.2,93.9,59.0,6.8,0.0,Wednesday,5
2017-05-18,63753,15.253955892271735,88.1,97.0,66.0,10.1,0.0,Thursday,5
2017-05-19,62143,15.827023156268607,87.9,97.0,80.1,11.0,0.0,Friday,5
2017-05-20,47859,18.145077205959176,67.3,96.1,61.0,10.9,0.01,Saturday,5
2017-05-21,54874,21.245994763761828,62.4,71.1,57.0,7.9,0.0,Sunday,5
2017-05-22,24627,12.423489124402765,59.8,71.1,57.0,7.5,0.11,Monday,5
2017-05-23,60032,15.906232786958066,63.4,70.0,57.0,4.9,0.53,Tuesday,5
2017-05-24,60622,16.644185279271547,62.8,70.0,57.0,7.4,0.03,Wednesday,5
2017-05-25,17495,11.630573497189671,58.4,69.1,55.9,11.7,0.1,Thursday,5
2017-05-26,53768,17.633706541685253,63.5,75.9,55.9,11.1,0.89,Friday,5
2017-05-27,46534,20.084620922336349,67.4,75.9,57.0,8.0,0.12,Saturday,5
2017-05-28,46727,24.94769119923528,64.5,72.0,57.9,6.8,0.0,Sunday,5
2017-05-29,26322,15.230585315198946,59.1,71.1,55.9,9.5,0.13,Monday,5
2017-05-30,50194,14.5975521642693,58.3,64.0,55.0,7.6,0.03,Tuesday,5
2017-05-31,59495,15.222119785976412,63.1,78.1,55.0,6.6,0.08,Wednesday,5
2017-06-01,67403,15.789940111468828,69.4,82.0,57.9,6.9,0.05,Thursday,6
2017-06-02,66907,16.27208637860512,70.6,82.0,60.1,8.8,0.0,Friday,6
2017-06-03,56264,19.403297549646897,66.1,79.0,59.0,9.2,0.0,Saturday,6
2017-06-04,40138,17.706767070274218,66.0,73.9,59.0,6.3,0.0,Sunday,6
2017-06-05,55883,15.639769995645663,61.8,71.1,59.0,7.9,0.06,Monday,6
2017-06-06,41268,12.379238554489353,58.0,66.9,55.0,11.5,0.02,Tuesday,6
2017-06-07,64453,15.883515119544473,58.6,70.0,52.0,8.0,0.03,Wednesday,6
2017-06-08,62653,15.590405620374652,63.9,71.1,52.0,5.4,0.0,Thursday,6
2017-06-09,66506,19.486973105183488,66.7,82.9,55.9,7.2,0.0,Friday,6
2017-06-10,57087,21.407791032400834,78.1,88.0,55.9,7.6,0.0,Saturday,6
2017-06-11,51427,20.406840116410955,83.7,93.9,66.9,9.0,0.0,Sunday,6
2017-06-12,57871,15.694316669834636,86.7,96.1,75.0,8.5,0.0,Monday,6
2017-06-13,60921,15.213903798908968,89.7,100.9,75.9,8.5,0.0,Tuesday,6
2017-06-14,60513,17.423499633687531,78.8,93.9,71.6,7.8,0.48,Wednesday,6
2017-06-15,64763,18.414139503523092,70.7,82.9,64.0,8.1,0.02,Thursday,6
2017-06-16,56403,16.594723684910377,65.6,75.9,63.0,9.1,0.0,Friday,6
2017-06-17,34900,18.477302769818525,67.0,73.9,63.0,7.0,0.0,Saturday,6
2017-06-18,49472,22.722582807783528,75.3,84.0,64.0,8.8,1.26,Sunday,6
2017-06-19,38310,16.131654920386321,78.5,87.1,70.0,11.1,0.0,Monday,6
2017-06-20,64673,17.394913127064868,76.9,87.1,70.0,11.0,1.23,Tuesday,6
2017-06-21,67218,17.4487094230712,80.3,87.1,70.0,8.7,0.01,Wednesday,6
2017-06-22,66308,17.513423719611517,77.1,87.1,68.0,7.6,0.0,Thursday,6
2017-06-23,55323,16.401218601064048,81.2,87.1,68.0,9.3,0.0,Friday,6
2017-06-24,52153,20.705803756894777,79.5,87.1,70.0,10.0,0.96,Saturday,6
2017-06-25,54655,23.203702009575213,78.2,86.0,70.0,7.1,0.18,Sunday,6
2017-06-26,62669,20.131003366895911,74.0,84.0,66.9,9.0,0.0,Monday,6
2017-06-27,64767,16.4718727644222,71.2,81.0,62.1,7.7,0.16,Tuesday,6
2017-06-28,67752,19.712283032235213,71.5,81.0,62.1,10.1,0.0,Wednesday,6
2017-06-29,64272,17.414588000995771,76.2,82.9,64.0,10.9,0.0,Thursday,6
2017-06-30,58662,19.612318025297466,80.2,89.1,69.1,11.7,0.0,Friday,6
2017-07-01,36737,23.083911315567402,79.0,89.1,73.9,9.4,0.0,Saturday,7
2017-07-02,43036,26.901029370759357,79.8,91.0,73.0,7.4,0.07,Sunday,7
2017-07-03,48193,21.414255873951266,83.3,91.0,73.0,7.2,0.0,Monday,7
2017-07-04,49924,25.360597441444327,77.8,90.0,70.0,4.2,0.12,Tuesday,7
2017-07-05,60321,18.006270895155364,76.7,87.1,70.0,7.6,0.0,Wednesday,7
2017-07-06,62147,17.693810642508897,74.5,84.9,69.1,7.1,0.0,Thursday,7
2017-07-07,44068,15.803184094278542,72.4,82.0,68.0,8.4,0.01,Friday,7
2017-07-08,55015,20.278051137568539,78.5,87.1,68.0,7.5,2.13,Saturday,7
2017-07-09,57118,20.397538137423108,76.3,87.1,70.0,8.5,0.0,Sunday,7
2017-07-10,60907,16.566612759343478,78.7,88.0,70.0,8.0,0.0,Monday,7
2017-07-11,61671,15.852646841032794,80.5,89.1,72.0,8.5,0.0,Tuesday,7
2017-07-12,61786,15.488337703255324,84.2,91.0,75.0,9.1,0.0,Wednesday,7
2017-07-13,56475,17.332392208942,86.0,93.9,78.1,9.1,0.0,Thursday,7
2017-07-14,31851,16.518075308990824,69.8,93.9,64.9,8.4,0.01,Friday,7
2017-07-15,56499,18.995504640200124,73.7,86.0,64.9,6.9,0.47,Saturday,7
2017-07-16,56833,21.48952515850533,78.0,86.0,66.9,6.6,0.01,Sunday,7
2017-07-17,62555,16.636904857059122,80.1,87.1,71.1,7.2,0.0,Monday,7
2017-07-18,66234,16.656136073114514,80.5,88.0,75.0,7.9,0.0,Tuesday,7
2017-07-19,63915,16.217755091397425,84.8,93.9,75.9,7.6,0.0,Wednesday,7
2017-07-20,59663,15.186770136712315,87.2,98.1,77.0,5.0,0.0,Thursday,7
2017-07-21,60072,15.763409741643359,84.4,98.1,77.0,8.7,0.0,Friday,7
2017-07-22,48011,18.969343830927635,85.3,93.9,77.0,7.5,0.0,Saturday,7
2017-07-23,46942,17.480288796102993,76.4,91.0,72.0,5.4,0.6,Sunday,7
2017-07-24,43792,15.022174521982707,70.2,80.1,64.0,11.1,0.46,Monday,7
2017-07-25,65336,14.882792283988406,65.8,73.0,62.1,9.1,0.45,Tuesday,7
2017-07-26,70323,16.075239964165355,70.5,78.1,62.1,7.5,0.0,Wednesday,7
2017-07-27,65769,14.64075476288221,72.2,78.1,64.9,7.9,0.0,Thursday,7
2017-07-28,63899,15.266647887030059,76.9,84.0,66.9,5.8,0.0,Friday,7
2017-07-29,52947,17.3637401552496,73.3,84.0,68.0,13.2,0.0,Saturday,7
2017-07-30,59342,19.029697347578441,72.9,82.0,66.0,7.0,0.0,Sunday,7
2017-07-31,64218,14.699782252120379,77.7,89.1,66.0,5.3,0.0,Monday,7
2017-08-01,66677,17.666347716104,81.3,91.0,70.0,5.1,0.0,Tuesday,8
2017-08-02,56184,20.02627616403246,79.6,91.0,69.1,6.1,0.0,Wednesday,8
2017-08-03,66149,19.157882205324338,76.2,88.0,69.1,6.2,0.08,Thursday,8
2017-08-04,56394,18.536455414878663,78.1,87.1,70.0,10.0,0.1,Friday,8
2017-08-05,58971,24.419910068790866,76.3,84.9,70.0,10.0,0.82,Saturday,8
2017-08-06,56476,22.546589996930845,72.0,80.1,66.0,10.9,0.16,Sunday,8
2017-08-07,23395,12.287061337892709,70.2,78.1,66.0,5.8,0.0,Monday,8
2017-08-08,65233,18.123004971921162,70.3,80.1,64.9,7.1,0.43,Tuesday,8
2017-08-09,67884,21.832384165144461,76.5,84.9,64.9,5.2,0.0,Wednesday,8
2017-08-10,66249,16.363312905352029,77.5,86.0,68.0,6.0,0.0,Thursday,8
2017-08-11,63140,19.479002481258576,75.9,86.0,71.1,7.7,0.0,Friday,8
2017-08-12,60540,23.132614524832061,71.8,82.0,64.9,5.9,0.17,Saturday,8
2017-08-13,57518,21.752491393998405,76.8,84.9,64.9,8.0,0.16,Sunday,8
2017-08-14,61482,23.302006549342352,76.6,84.9,71.1,5.8,0.0,Monday,8
2017-08-15,52461,15.563273034571717,73.2,77.0,69.1,5.3,0.32,Tuesday,8
2017-08-16,68436,17.916156457614882,76.8,86.0,69.1,4.8,0.12,Wednesday,8
2017-08-17,66656,17.591802438390136,76.4,86.0,70.0,7.0,0.0,Thursday,8
2017-08-18,36620,17.119950391407251,77.3,82.9,70.0,7.7,0.01,Friday,8
2017-08-19,62442,24.200790600343783,80.1,89.1,73.0,7.5,0.9,Saturday,8
2017-08-20,55442,20.311299496170175,78.7,89.1,71.1,10.4,0.0,Sunday,8
2017-08-21,61059,18.41159152076953,80.8,88.0,71.1,6.7,0.0,Monday,8
2017-08-22,60541,19.689789839392585,81.5,91.0,75.0,8.6,0.0,Tuesday,8
2017-08-23,65070,20.257814148865329,78.2,84.0,73.4,11.1,0.25,Wednesday,8
2017-08-24,66307,19.998282232645114,75.2,82.0,69.1,6.8,0.02,Thursday,8
2017-08-25,64217,16.986893657442739,72.3,81.0,66.0,6.0,0.0,Friday,8
2017-08-26,50109,19.136690015765627,71.0,78.1,64.0,5.7,0.0,Saturday,8
2017-08-27,54598,22.603337423837264,70.2,77.0,64.0,7.1,0.0,Sunday,8
2017-08-28,60886,16.823883706161237,69.8,77.0,64.0,9.3,0.0,Monday,8
2017-08-29,35152,14.879735150204828,66.5,75.0,64.0,11.6,0.0,Tuesday,8
2017-08-30,65329,16.343364100680144,67.5,80.1,61.0,10.6,0.32,Wednesday,8
2017-08-31,64881,15.47277014842558,74.0,82.0,61.0,9.8,0.01,Thursday,8
2017-09-01,54881,16.895487205651012,65.4,82.0,55.9,10.7,0.0,Friday,9
2017-09-02,37812,21.403479935822848,63.2,72.0,55.9,7.9,0.0,Saturday,9
2017-09-03,30955,20.10029128304528,62.6,72.0,55.9,9.8,0.79,Sunday,9
2017-09-04,55285,22.741680383467486,71.3,82.0,59.0,11.2,0.4,Monday,9
2017-09-05,65445,17.344608959176913,76.4,84.9,64.0,8.8,0.0,Tuesday,9
2017-09-06,42295,13.882774953698227,69.9,84.9,62.1,7.0,0.0,Wednesday,9
2017-09-07,69519,16.865664782289734,65.4,73.0,60.8,8.3,0.44,Thursday,9
2017-09-08,69574,15.893449181207536,67.5,75.0,61.0,10.6,0.0,Friday,9
2017-09-09,60155,18.96770592635691,63.7,73.0,57.9,9.1,0.0,Saturday,9
2017-09-10,60711,18.793300225659276,65.0,73.0,59.0,9.7,0.0,Sunday,9
2017-09-11,71917,16.345572674054818,67.7,78.1,59.0,5.1,0.0,Monday,9
2017-09-12,74580,15.460779476177708,71.9,82.0,59.0,2.9,0.0,Tuesday,9
2017-09-13,69566,16.056317022683498,74.0,84.0,63.0,4.9,0.0,Wednesday,9
2017-09-14,72071,14.615057373978436,75.1,84.0,66.9,7.0,0.02,Thursday,9
2017-09-15,72297,17.247020392731834,76.6,82.9,70.0,6.3,0.0,Friday,9
2017-09-16,61036,18.354687943727203,74.2,82.0,69.1,5.8,0.0,Saturday,9
2017-09-17,59967,18.680991767694461,72.8,81.0,69.1,5.1,0.0,Sunday,9
2017-09-18,64130,14.658271479806647,70.6,81.0,68.0,8.7,0.0,Monday,9
2017-09-19,57910,13.970031658320384,72.3,78.1,68.0,13.7,0.0,Tuesday,9
2017-09-20,71150,15.325442492386975,73.9,78.1,69.1,13.3,0.19,Wednesday,9
2017-09-21,67742,15.094857449342113,75.8,79.0,71.1,10.2,0.0,Thursday,9
2017-09-22,70127,17.240455411848028,73.8,81.0,68.0,11.5,0.0,Friday,9
2017-09-23,62687,21.87894433189231,76.5,86.0,68.0,10.0,0.0,Saturday,9
2017-09-24,57458,18.536830380451811,79.5,91.0,70.0,3.5,0.0,Sunday,9
2017-09-25,69200,14.692419315992295,77.5,91.0,71.1,5.5,0.0,Monday,9
2017-09-26,71518,14.116304053991065,73.7,86.0,68.0,5.6,0.0,Tuesday,9
2017-09-27,69897,14.354635868969103,75.0,84.0,68.0,7.2,0.0,Wednesday,9
2017-09-28,70883,14.306545528076782,74.1,84.0,68.0,11.8,0.0,Thursday,9
2017-09-29,67177,14.8322694771524,63.3,77.0,57.0,9.0,0.0,Friday,9
2017-09-30,50153,15.510478602144106,62.1,70.0,55.9,9.4,0.0,Saturday,9
2017-10-01,55505,20.975704591177966,58.8,70.0,52.0,6.8,0.0,Sunday,10
2017-10-02,65511,16.055658082866493,64.5,73.9,52.0,4.8,0.0,Monday,10
2017-10-03,69105,15.444736270892124,64.0,73.9,55.9,5.2,0.0,Tuesday,10
2017-10-04,71454,17.479944906280025,64.8,75.0,57.9,6.8,0.0,Wednesday,10
2017-10-05,70174,15.332242473470703,73.0,84.0,57.9,9.5,0.0,Thursday,10
2017-10-06,70257,26.9541734868649,74.7,84.0,66.0,7.0,0.0,Friday,10
2017-10-07,63635,26.91243524265996,72.4,82.0,66.0,6.4,0.0,Saturday,10
2017-10-08,41044,27.229053373615319,74.0,82.0,66.0,9.3,0.0,Sunday,10
2017-10-09,38391,15.025982218054576,73.9,80.1,71.1,9.0,0.39,Monday,10
2017-10-10,74118,15.892096161975944,75.1,81.0,69.1,8.4,0.21,Tuesday,10
2017-10-11,63589,15.352759911305414,70.8,81.0,68.0,7.0,0.0,Wednesday,10
2017-10-12,61248,21.156885667014969,62.7,78.1,59.0,14.4,0.07,Thursday,10
2017-10-13,67020,17.568579279816962,59.1,68.0,53.1,11.2,0.03,Friday,10
2017-10-14,58777,22.402013826269908,65.7,73.0,53.1,6.6,0.03,Saturday,10
2017-10-15,56529,16.607031199325416,69.8,75.0,62.1,6.8,0.0,Sunday,10
2017-10-16,61730,13.429257519304496,62.6,75.0,55.0,14.0,0.01,Monday,10
2017-10-17,64480,14.58490203680728,51.8,71.1,45.0,8.7,0.0,Tuesday,10
2017-10-18,70234,16.483878415961875,60.0,73.9,45.0,6.2,0.0,Wednesday,10
2017-10-19,72311,15.955407890915621,64.7,73.9,52.0,7.9,0.0,Thursday,10
2017-10-20,72173,17.638841856834745,66.9,73.9,57.9,9.7,0.0,Friday,10
2017-10-21,65874,18.130275981419075,67.7,79.0,59.0,4.6,0.0,Saturday,10
2017-10-22,62150,20.691869670152855,66.7,75.9,57.9,4.5,0.0,Sunday,10
2017-10-23,69274,16.22145971071398,66.9,75.9,57.9,7.1,0.0,Monday,10
2017-10-24,48077,13.248867788478204,70.8,75.9,61.0,17.4,0.04,Tuesday,10
2017-10-25,71287,16.319445106868475,64.8,75.9,61.0,5.5,0.09,Wednesday,10
2017-10-26,64003,14.974387398507357,58.0,68.0,53.1,10.5,0.0,Thursday,10
2017-10-27,69268,18.718623799349391,55.7,63.0,51.1,8.9,0.0,Friday,10
2017-10-28,61348,21.182423496555177,60.9,68.0,51.1,9.0,0.0,Saturday,10
2017-10-29,9537,14.52838593547936,64.0,68.0,54.0,10.3,0.1,Sunday,10
2017-10-30,49247,13.980375454342397,57.1,68.0,46.9,15.9,2.79,Monday,10
2017-10-31,60242,13.936887055542647,53.8,62.1,46.9,13.2,0.05,Tuesday,10
2017-11-01,60773,14.487495269280767,51.4,57.9,46.9,7.8,0.0,Wednesday,11
2017-11-02,70810,15.926368921527091,63.0,72.0,46.9,6.7,0.0,Thursday,11
2017-11-03,71818,17.543681946030254,66.1,75.0,57.9,7.6,0.0,Friday,11
2017-11-04,53435,21.415344187642294,53.1,75.0,48.0,10.3,0.0,Saturday,11
2017-11-05,34943,14.415929752263208,54.8,61.0,48.0,7.8,0.02,Sunday,11
2017-11-06,57606,14.303749898737399,62.6,66.0,52.0,7.8,0.08,Monday,11
2017-11-07,36362,14.375742991767964,48.0,66.0,42.1,10.3,0.0,Tuesday,11
2017-11-08,54211,14.705854592856308,43.4,51.1,39.9,9.5,0.6,Wednesday,11
2017-11-09,58417,15.011814768531991,47.6,55.9,39.9,6.5,0.0,Thursday,11
2017-11-10,38432,13.714919858451292,44.4,55.9,30.9,15.2,0.0,Friday,11
2017-11-11,28142,13.73691694501694,31.0,37.9,26.1,11.3,0.0,Saturday,11
2017-11-12,32471,14.86564575569996,39.5,46.9,26.1,4.3,0.0,Sunday,11
2017-11-13,38753,12.488074901728032,45.4,50.0,34.0,6.2,0.0,Monday,11
2017-11-14,52279,13.640246561716941,43.0,50.0,39.0,8.3,0.05,Tuesday,11
2017-11-15,54230,12.714872764152686,43.5,51.1,37.9,7.4,0.0,Wednesday,11
2017-11-16,49737,13.121450161181148,52.2,59.0,37.9,10.2,0.7,Thursday,11
2017-11-17,48991,14.673116490784022,45.5,59.0,41.0,16.8,0.08,Friday,11
2017-11-18,27745,14.609453354958848,44.0,52.0,36.0,7.2,0.0,Saturday,11
2017-11-19,31598,15.503607823279953,53.5,60.1,36.0,15.7,0.33,Sunday,11
2017-11-20,45121,12.479933216610155,43.1,60.1,37.0,13.1,0.02,Monday,11
2017-11-21,52451,15.00182583109315,49.1,59.0,37.0,11.2,0.0,Tuesday,11
2017-11-22,32298,15.141786901149715,51.7,59.0,43.0,8.7,0.0,Wednesday,11
2017-11-23,13705,17.551150431715921,38.7,55.0,34.0,10.9,0.16,Thursday,11
2017-11-24,23724,18.908367054459628,43.0,51.1,34.0,5.7,0.0,Friday,11
2017-11-25,30518,25.398836205954947,48.6,57.9,37.0,6.9,0.0,Saturday,11
2017-11-26,27181,13.695223992249488,49.3,57.9,42.1,13.0,0.0,Sunday,11
2017-11-27,46733,13.079298711117769,45.3,53.1,42.1,12.9,0.0,Monday,11
2017-11-28,51170,13.056802488437238,44.0,53.1,37.0,8.1,0.0,Tuesday,11
2017-11-29,55295,13.357888898936013,54.4,64.0,37.0,10.4,0.0,Wednesday,11
2017-11-30,51700,11.952303352675694,44.2,64.0,39.9,7.3,0.0,Thursday,11
2017-12-01,50708,12.975768452052272,50.4,54.0,39.9,9.3,0.02,Friday,12
2017-12-02,38923,14.491770932353624,44.2,53.1,39.9,5.5,0.0,Saturday,12
2017-12-03,33728,13.151542239879824,45.3,48.0,39.9,5.0,0.0,Sunday,12
2017-12-04,49630,12.860659211498422,45.5,52.0,39.9,5.0,0.0,Monday,12
2017-12-05,41792,12.433630040837164,53.8,60.1,39.9,11.4,0.0,Tuesday,12
2017-12-06,46335,12.197234272148483,50.1,60.1,41.0,11.9,0.69,Wednesday,12
2017-12-07,45367,12.206890471047236,42.7,59.0,39.9,13.2,0.0,Thursday,12
2017-12-08,41330,11.662685700459715,39.1,46.0,36.0,8.7,0.0,Friday,12
2017-12-09,10804,13.785826237196096,35.2,41.0,30.9,6.8,0.0,Saturday,12
2017-12-10,19815,13.854088653377072,35.0,39.9,30.9,10.9,0.34,Sunday,12
2017-12-11,41838,12.989079704256097,38.0,43.0,32.0,9.4,0.0,Monday,12
2017-12-12,42620,12.225013295792275,44.5,51.8,39.0,9.6,0.0,Tuesday,12
2017-12-13,32623,11.803366234456265,29.2,51.1,21.9,21.0,0.0,Wednesday,12
2017-12-14,27495,13.303009031945205,28.3,33.1,21.9,11.2,0.05,Thursday,12
2017-12-15,22944,11.740416521385404,25.5,33.1,23.0,6.5,0.02,Friday,12
2017-12-16,19060,12.256758481986708,30.9,39.9,23.0,12.9,0.13,Saturday,12
2017-12-17,22403,11.635068220030055,35.7,39.9,25.0,5.9,0.0,Sunday,12
2017-12-18,40168,12.76125979220607,38.4,46.9,33.1,5.7,0.02,Monday,12
2017-12-19,49503,11.826513207953726,50.2,55.9,34.0,10.9,0.0,Tuesday,12
2017-12-20,41463,14.18623109760509,47.7,55.9,39.9,14.3,0.0,Wednesday,12
2017-12-21,37592,11.657265286940481,37.2,53.1,34.0,9.2,0.0,Thursday,12
2017-12-22,34341,14.511359113984252,40.1,51.1,34.0,6.3,0.0,Friday,12
2017-12-23,9608,17.304975020815981,41.2,53.1,36.0,7.4,0.05,Saturday,12
2017-12-24,13216,13.150605326876518,40.3,53.1,37.0,10.1,0.49,Sunday,12
2017-12-25,6479,16.748487420898289,36.3,41.0,32.0,15.8,0.23,Monday,12
2017-12-26,14113,11.752530763598573,27.0,39.0,24.1,16.4,0.22,Tuesday,12
2017-12-27,16365,13.723589978612894,22.8,28.9,19.0,10.5,0.0,Wednesday,12
2017-12-28,13420,11.01492424242424,17.3,25.0,14.0,15.2,0.0,Thursday,12
2017-12-29,13759,10.915011992150596,15.5,21.9,12.0,12.0,0.0,Friday,12
2017-12-30,5956,12.390043653458696,20.0,23.0,18.0,7.8,0.0,Saturday,12
2017-12-31,6569,13.172436190186231,22.0,23.0,19.9,13.6,0.48,Sunday,12
2018-01-01,5500,20.771799999999995,12.6,21.9,8.1,15.1,0.0,Monday,1
2018-01-02,18818,11.343925142593969,18.4,26.1,8.1,12.3,0.0,Tuesday,1
2018-01-03,24299,11.210897567801148,22.6,30.0,14.0,7.5,0.0,Wednesday,1
2018-01-04,1922,17.328407908428723,26.1,30.0,17.1,17.0,0.02,Thursday,1
2018-01-05,4972,16.16085746849021,16.7,28.9,10.0,22.4,0.0,Friday,1
2018-01-06,4295,29.805723709740008,11.8,19.9,8.1,19.8,0.0,Saturday,1
2018-01-07,5640,12.762567966903067,10.8,18.0,6.1,11.7,0.0,Sunday,1
2018-01-08,15821,17.417178644417756,22.2,30.9,6.1,9.4,0.0,Monday,1
2018-01-09,25091,13.094970308078592,35.5,43.0,18.0,11.2,0.0,Tuesday,1
2018-01-10,28252,11.86949655481618,34.2,43.0,26.1,6.1,0.0,Wednesday,1
2018-01-11,33961,12.063514030800032,40.1,46.9,26.1,4.8,0.0,Thursday,1
2018-01-12,22254,13.361270632994813,47.9,60.1,35.1,9.4,0.01,Friday,1
2018-01-13,17760,11.608766891891888,41.7,60.1,25.0,14.4,0.79,Saturday,1
2018-01-14,12399,23.557887732881678,20.0,25.0,16.0,13.8,0.11,Sunday,1
2018-01-15,17637,11.038549639961442,21.6,30.0,15.1,12.2,0.0,Monday,1
2018-01-16,30278,11.388798247352314,27.9,33.1,16.0,6.9,0.0,Tuesday,1
2018-01-17,19010,10.392363668244785,33.8,36.0,24.1,7.9,0.05,Wednesday,1
2018-01-18,27662,11.015991251536402,26.0,36.0,19.9,12.4,0.12,Thursday,1
2018-01-19,30525,11.87358667758668,31.2,39.0,19.9,9.6,0.0,Friday,1
2018-01-20,28507,14.608504928614026,43.4,54.0,26.1,11.0,0.0,Saturday,1
2018-01-21,27908,14.16123154650996,46.1,54.0,37.0,5.3,0.0,Sunday,1
2018-01-22,36865,20.773647090736471,42.1,52.0,37.9,7.1,0.0,Monday,1
2018-01-23,28797,13.39751131483604,44.8,59.0,35.6,9.1,0.03,Tuesday,1
2018-01-24,36078,11.5149897444426,42.9,60.1,34.0,14.2,0.28,Wednesday,1
2018-01-25,31147,11.391361928917712,29.5,45.0,24.1,14.6,0.0,Thursday,1
2018-01-26,33073,11.978674447434464,32.0,39.0,24.1,6.6,0.0,Friday,1
2018-01-27,34351,22.878358708625662,42.1,57.0,28.0,7.8,0.0,Saturday,1
2018-01-28,20101,21.784186524716848,50.3,57.0,35.1,6.4,0.19,Sunday,1
2018-01-29,36799,11.981148944264792,42.8,54.0,39.0,8.8,0.08,Monday,1
2018-01-30,27996,10.91829844739725,34.2,44.1,30.0,11.2,0.06,Tuesday,1
2018-01-31,31276,11.032208402609029,26.2,37.0,19.0,13.0,0.0,Wednesday,1
2018-02-01,35561,11.316653543676125,36.9,45.0,19.0,8.1,0.0,Thursday,2
2018-02-02,26313,10.905258490733349,33.4,45.0,21.9,13.7,0.23,Friday,2
2018-02-03,18385,12.369982775813614,22.4,39.0,17.1,13.5,0.18,Saturday,2
2018-02-04,13959,11.171521360173845,34.8,45.0,17.1,8.2,0.0,Sunday,2
2018-02-05,29068,12.037206435484615,37.4,46.9,30.0,12.6,1.01,Monday,2
2018-02-06,34102,11.4551678298438,31.6,41.0,28.0,6.1,0.0,Tuesday,2
2018-02-07,15289,10.588302047223495,32.8,46.9,28.0,8.3,0.0,Wednesday,2
2018-02-08,31564,17.388288345372356,32.8,46.9,26.1,12.9,0.85,Thursday,2
2018-02-09,31567,11.610650362720564,30.8,36.0,26.1,8.2,0.0,Friday,2
2018-02-10,16324,15.006767132238828,42.0,51.1,28.0,5.5,0.0,Saturday,2
2018-02-11,8809,11.403112347220645,45.6,60.1,37.9,4.7,0.82,Sunday,2
2018-02-12,35139,18.194091560184784,48.1,63.0,41.0,11.4,0.99,Monday,2
2018-02-13,35189,11.132938797161989,33.0,41.0,27.0,9.9,0.0,Tuesday,2
2018-02-14,39591,13.461018918441058,40.5,54.0,27.0,6.8,0.01,Wednesday,2
2018-02-15,44193,12.132828351398036,51.0,61.0,36.0,6.8,0.13,Thursday,2
2018-02-16,29191,11.969708129217908,56.1,61.0,44.1,9.1,0.16,Friday,2
2018-02-17,17921,15.176228075070217,36.0,59.0,30.0,11.3,0.05,Saturday,2
2018-02-18,21538,17.153192806512525,37.6,45.0,30.0,8.8,0.62,Sunday,2
2018-02-19,25677,12.832399293790813,41.5,48.9,33.1,5.6,0.02,Monday,2
2018-02-20,44480,17.409540242805754,53.9,70.0,33.1,6.9,0.03,Tuesday,2
2018-02-21,53115,30.362447833317628,61.8,79.0,46.9,7.7,0.0,Wednesday,2
2018-02-22,27010,11.093625200543007,50.6,79.0,37.9,10.1,0.02,Thursday,2
2018-02-23,25634,12.696981222855063,37.8,41.0,37.0,9.1,0.11,Friday,2
2018-02-24,25550,14.26097325505545,46.7,54.0,36.0,7.4,0.07,Saturday,2
2018-02-25,16150,19.660624355005169,42.3,54.0,39.9,9.6,0.62,Sunday,2
2018-02-26,42570,12.379549369665648,46.1,52.0,39.9,6.4,0.22,Monday,2
2018-02-27,48516,14.211650452084537,47.3,57.0,39.9,7.5,0.0,Tuesday,2
2018-02-28,50709,15.028157723481035,49.5,62.1,39.9,9.2,0.0,Wednesday,2
2018-03-01,45564,13.900288970824922,54.5,62.1,42.1,6.0,0.0,Thursday,3
2018-03-02,6855,13.452285436421104,41.9,57.9,35.6,19.1,1.47,Friday,3
2018-03-03,28364,16.372609646030181,40.6,46.9,36.0,20.1,0.71,Saturday,3
2018-03-04,25262,13.329999604148526,41.9,46.9,37.9,16.6,0.0,Sunday,3
2018-03-05,36774,11.714059752361267,37.5,44.1,35.1,15.7,0.0,Monday,3
2018-03-06,42689,13.188295189236886,39.5,46.9,34.0,8.2,0.0,Tuesday,3
2018-03-07,8188,10.351335287412471,36.6,41.0,33.8,14.7,0.1,Wednesday,3
2018-03-08,28440,11.289906235349275,37.4,42.1,34.0,12.7,0.8,Thursday,3
2018-03-09,34912,12.983422128017111,36.8,44.1,30.9,14.0,0.0,Friday,3
2018-03-10,25444,14.896088141277581,37.4,44.1,30.9,14.0,0.0,Saturday,3
2018-03-11,27597,24.689533886533564,38.9,46.0,33.1,10.3,0.0,Sunday,3
2018-03-12,36340,13.3560897083104,38.2,46.0,33.1,10.5,0.0,Monday,3
2018-03-13,23137,11.048184005417008,37.3,43.0,33.1,14.1,0.21,Tuesday,3
2018-03-14,35377,11.430208421667567,36.7,42.1,32.0,16.3,0.05,Wednesday,3
2018-03-15,39574,21.854904314280418,38.6,48.0,32.0,15.0,0.0,Thursday,3
2018-03-16,34921,12.061142292603305,37.6,48.0,34.0,16.7,0.0,Friday,3
2018-03-17,27672,17.893754818348281,36.4,48.0,28.9,14.8,0.0,Saturday,3
2018-03-18,25158,14.37547499801256,37.4,48.0,28.9,11.6,0.0,Sunday,3
2018-03-19,39278,12.72412207003072,39.8,46.9,30.0,7.0,0.0,Monday,3
2018-03-20,35532,11.492039569965105,35.9,46.9,30.9,9.8,0.0,Tuesday,3
2018-03-21,3755,12.19300488237905,35.7,39.9,30.9,15.1,0.0,Wednesday,3
2018-03-22,27308,11.820652067770128,39.6,51.1,32.0,13.8,0.64,Thursday,3
2018-03-23,38528,13.433641767026579,42.7,51.1,33.1,11.0,0.01,Friday,3
2018-03-24,34398,20.7304862685815,43.3,51.1,37.0,10.2,0.0,Saturday,3
2018-03-25,25562,12.974195420285318,40.4,51.1,35.1,11.0,0.0,Sunday,3
2018-03-26,40295,12.767646523555447,40.4,50.0,34.0,9.1,0.0,Monday,3
2018-03-27,41354,12.178721526333611,39.4,50.0,34.0,5.8,0.0,Tuesday,3
2018-03-28,42520,12.539774223894643,43.7,52.0,35.1,5.5,0.04,Wednesday,3
2018-03-29,39293,16.089561754001984,49.6,53.1,39.0,5.2,0.03,Thursday,3
2018-03-30,34787,13.8627538064986,50.1,60.1,43.0,6.3,0.02,Friday,3
2018-03-31,41794,26.894350066197703,47.1,60.1,39.9,10.7,0.04,Saturday,3
2018-04-01,33149,21.496862147676651,50.4,59.0,39.9,11.0,0.0,Sunday,4
2018-04-02,22063,16.397754913958508,39.8,59.0,32.0,8.1,0.4,Monday,4
2018-04-03,25881,10.721902811586364,40.8,44.1,32.0,7.0,0.15,Tuesday,4
2018-04-04,36753,12.154555637181545,45.9,57.0,39.0,9.3,0.28,Wednesday,4
2018-04-05,39814,13.378084760804404,41.6,57.0,35.1,18.2,0.11,Thursday,4
2018-04-06,35624,13.139786847817948,44.8,62.1,35.1,10.7,0.0,Friday,4
2018-04-07,33245,14.377386574422221,45.7,62.1,37.0,10.5,0.09,Saturday,4
2018-04-08,28410,14.941405021705974,38.9,48.9,33.1,12.2,0.0,Sunday,4
2018-04-09,40509,11.925599249549483,38.7,48.9,33.1,10.6,0.0,Monday,4
2018-04-10,43051,11.534113803008836,43.2,50.0,33.1,7.9,0.0,Tuesday,4
2018-04-11,48612,12.483800981924903,44.4,52.0,37.9,6.9,0.0,Wednesday,4
2018-04-12,53168,13.598826988664861,50.6,60.1,37.9,8.1,0.0,Thursday,4
2018-04-13,63510,24.079607935758148,65.4,82.0,46.0,11.1,0.0,Friday,4
2018-04-14,62597,22.908648178027697,61.6,82.0,51.1,9.4,0.0,Saturday,4
2018-04-15,20440,12.307435583822571,44.4,69.1,39.0,18.4,0.0,Sunday,4
2018-04-16,26289,13.660212129280939,46.6,61.0,39.0,18.1,1.24,Monday,4
2018-04-17,44689,11.757871437415622,46.2,61.0,39.9,13.8,1.62,Tuesday,4
2018-04-18,51110,13.195589251940261,44.7,55.0,39.0,11.6,0.0,Wednesday,4
2018-04-19,38298,11.335561909238079,46.2,55.0,39.0,9.9,0.07,Thursday,4
2018-04-20,47052,16.000119371475538,43.2,50.0,37.9,16.3,0.08,Friday,4
2018-04-21,63599,23.503453146537947,48.8,62.1,37.9,10.4,0.0,Saturday,4
2018-04-22,54284,21.240274298135734,55.2,64.9,41.0,8.1,0.0,Sunday,4
2018-04-23,57767,16.767890548813913,53.5,64.9,45.0,7.8,0.0,Monday,4
2018-04-24,58527,14.893794601921618,54.8,66.0,45.0,7.9,0.0,Tuesday,4
2018-04-25,31214,17.28646280515153,56.1,66.0,46.0,10.4,0.42,Wednesday,4
2018-04-26,66077,16.637593262405979,59.6,70.0,50.0,9.9,0.29,Thursday,4
2018-04-27,39154,12.328815276429829,54.5,70.0,48.9,8.1,0.17,Friday,4
2018-04-28,56745,21.099569125033035,56.7,66.0,48.9,6.2,0.05,Saturday,4
2018-04-29,44837,18.701506568236052,54.2,66.0,50.0,10.6,0.22,Sunday,4
2018-04-30,41075,13.16226739703794,49.0,57.9,44.1,15.8,0.15,Monday,4
2018-05-01,72035,17.445850859535874,60.3,82.0,44.1,7.8,0.0,Tuesday,5
2018-05-02,76773,16.612234987126552,76.9,89.1,66.0,10.3,0.0,Wednesday,5
2018-05-03,69056,20.436858974358977,82.3,93.0,64.9,10.8,0.0,Thursday,5
2018-05-04,71199,17.761826476963623,75.8,93.0,68.0,5.5,0.01,Friday,5
2018-05-05,63329,24.555012974571955,70.3,84.0,61.0,11.2,0.0,Saturday,5
2018-05-06,48993,17.533699031834473,62.6,75.9,57.0,7.6,0.0,Sunday,5
2018-05-07,68917,17.650352839889528,62.1,75.0,54.0,5.6,0.0,Monday,5
2018-05-08,74313,18.978155908118353,61.8,75.0,54.0,5.9,0.0,Tuesday,5
2018-05-09,78458,18.083681502629865,63.5,73.9,54.0,4.8,0.0,Wednesday,5
2018-05-10,67455,16.107224816544363,59.4,73.9,54.0,6.5,0.0,Thursday,5
2018-05-11,75266,18.959467532927679,65.1,73.0,55.9,8.3,0.19,Friday,5
2018-05-12,34535,16.282174122870515,59.2,73.0,54.0,7.3,0.06,Saturday,5
2018-05-13,25986,17.894076297493516,53.6,64.0,52.0,7.3,0.14,Sunday,5
2018-05-14,64729,15.904303326175286,58.4,71.1,52.0,5.0,0.1,Monday,5
2018-05-15,52826,16.03216408586681,69.1,91.9,52.0,9.4,0.02,Tuesday,5
2018-05-16,32766,12.527345927689273,62.9,70.0,55.9,6.7,0.44,Wednesday,5
2018-05-17,49789,15.305948770478086,60.2,73.4,55.0,6.0,0.64,Thursday,5
2018-05-18,63113,17.442503657460957,64.9,73.0,55.0,8.9,0.02,Friday,5
2018-05-19,18026,15.370868930063981,54.4,66.9,50.0,10.7,0.2,Saturday,5
2018-05-20,56949,23.551470906717721,66.7,84.0,50.0,7.1,0.44,Sunday,5
2018-05-21,71220,22.679741645605169,68.9,84.0,55.0,7.6,0.0,Monday,5
2018-05-22,48508,13.950543896539404,64.6,79.0,55.9,5.0,0.0,Tuesday,5
2018-05-23,72655,19.200669602917902,66.2,82.0,55.9,5.1,0.42,Wednesday,5
2018-05-24,74810,19.328324199082108,74.5,86.0,57.0,7.6,0.21,Thursday,5
2018-05-25,69345,20.336381378133481,77.9,89.1,66.0,9.6,0.0,Friday,5
2018-05-26,51597,32.988507406761386,82.3,91.9,68.0,9.3,0.0,Saturday,5
2018-05-27,25814,23.995788461041812,68.8,91.9,59.0,11.2,0.12,Sunday,5
2018-05-28,49043,22.907766313915,60.2,82.0,55.9,8.3,0.41,Monday,5
2018-05-29,69090,17.065852511217251,72.8,87.1,55.9,6.0,0.0,Tuesday,5
2018-05-30,72321,16.616023238985449,69.0,87.1,63.0,7.8,0.0,Wednesday,5
2018-05-31,55794,13.87289553237505,64.0,77.0,60.1,7.1,0.0,Thursday,5